Date,Total,Desktop,Android,Desktop/nightly,Desktop/aurora,Desktop/beta,Desktop/release,Android/nightly,Android/aurora,Android/beta,Android/release
2015-05-30,79402447,75187132,4215315,44216,84281,1915725,73142910,1608,1407,86529,4125771
2015-05-31,79988686,75765474,4223212,44971,84057,1534376,74102070,1560,1392,67928,4152332
2015-06-01,110183055,105859017,4324038,49913,109622,2216437,103483045,1123,1133,71136,4250646
2015-06-02,108872834,104539597,4333237,49412,110669,2110699,102268817,1145,1153,72965,4257974
2015-06-03,108455080,104141832,4313248,49746,112877,2198496,101780713,1140,1120,74971,4236017
2015-06-04,102270384,97994732,4275652,49122,108704,2189358,95647548,1133,1130,75404,4197985
2015-06-05,99980572,95688709,4291863,47242,105933,2101617,93433917,1170,1146,76208,4213339
2015-06-06,77122719,72895184,4227535,40861,78820,1815758,70959745,1094,1177,76553,4148711
2015-06-07,78445651,74200896,4244755,41491,80056,1559845,72519504,1146,1182,78288,4164139
2015-06-08,112155874,107783677,4372197,51561,115350,2336118,105280648,1124,1176,80827,4289070
2015-06-09,111580468,107173909,4406559,50679,116678,2324238,104682314,1128,1199,82325,4321907
2015-06-10,110068211,105667743,4400468,50275,115742,2316701,103185025,1171,1225,82756,4315316
2015-06-11,107605311,103224336,4380975,48992,113827,2226713,100834804,1169,1164,83043,4295599
2015-06-12,98690971,94395083,4295888,46313,106722,2064312,92177736,1167,1230,82613,4210878
2015-06-13,76754952,72520293,4234659,39901,79292,1783161,70617939,1146,1204,82306,4150003
2015-06-14,78572338,74291692,4280646,41096,80585,1578028,72591983,1152,1226,83221,4195047
2015-06-15,111019722,106628255,4391467,50466,115668,2294723,104167398,1173,1216,85190,4303888
2015-06-16,109576502,105175836,4400666,50153,115659,2281401,102728623,1166,1273,86003,4312224
2015-06-17,107915724,103550339,4365385,50185,114739,2205952,101179463,1175,1230,83140,4279840
2015-06-18,106580336,102231598,4348738,49611,113580,2029967,100038440,1142,1244,82063,4264289
2015-06-19,100246071,95933350,4312721,47428,107663,1928715,93849544,1217,1212,82102,4228190
2015-06-20,76953464,72704650,4248814,40607,79839,1685117,70899087,1166,1217,82592,4163839
2015-06-21,77700400,73402304,4298096,41196,80716,1461800,71818592,1157,1251,83241,4212447
2015-06-22,109447218,105047077,4400141,49435,114839,2202351,102680452,1206,1256,85381,4312298
2015-06-23,109124435,104695554,4428881,48874,116222,2201953,102328505,1185,1231,86021,4340444
2015-06-24,106769567,102341786,4427781,48619,115040,2190589,99987538,1206,1200,86740,4338635
2015-06-25,104746220,100404090,4342130,47976,114779,2165282,98076053,1181,1245,86550,4253154
2015-06-26,98550926,94217955,4332971,46187,108296,2020659,92042813,1173,1263,86855,4243680
2015-06-27,76195906,71947819,4248087,39373,80716,1742919,70084811,1124,1246,85697,4160020
2015-06-28,76526106,72246225,4279881,40090,80851,1521723,70603561,1192,1257,87353,4190079
2015-06-29,106830788,102438344,4392444,48876,114303,2240461,100034704,1186,1259,84338,4305661
2015-06-30,106907561,102491558,4416003,49315,116023,2243003,100083217,1224,1288,85358,4328133
2015-07-01,104752042,100327996,4424046,48734,114187,2219462,97945613,1212,1284,85549,4336001
2015-07-02,103169435,98750367,4419068,48977,113269,2160751,96427370,1219,1264,85704,4330881
2015-07-03,94223218,89826875,4396343,46571,104342,2010286,87665676,1246,1270,85652,4308175
2015-07-04,72746793,68474203,4272590,38810,78268,1720517,66636608,1153,1286,84918,4185233
2015-07-05,74248684,69877970,4370714,39981,79544,1491994,68266451,1184,1329,85696,4282505
2015-07-06,105224645,100892961,4331684,49822,114828,2255333,98472978,1194,1289,87828,4241373
2015-07-07,105285667,100915768,4369899,49717,116191,2225817,98524043,1208,1343,88532,4278816
2015-07-08,102694745,98329784,4364961,49558,116393,2200834,95962999,1243,1259,89274,4273185
2015-07-09,101275126,96906750,4368376,49249,115220,2170785,94571496,1240,1336,87185,4278615
2015-07-10,95526299,91199296,4327003,47320,109658,2035278,89007040,1153,1291,86636,4237923
2015-07-11,72668185,68445304,4222881,39619,80166,1716186,66609333,1219,1296,85433,4134933
2015-07-12,73740944,69432697,4308247,40466,80951,1494407,67816873,1162,1275,87002,4218808
2015-07-13,103050375,98635280,4415095,43803,98440,2194102,96298935,1017,856,87033,4326189
2015-07-14,101906645,97459548,4447097,44095,100402,2161103,95153948,1024,964,88367,4356742
2015-07-15,101267596,96846792,4420804,44195,101576,2087889,94613132,1052,949,87690,4331113
2015-07-16,97783196,93389468,4393728,43048,100516,1906624,91339280,1064,1007,79722,4311935
2015-07-17,90915415,86562911,4352504,40571,94133,1684518,84743689,1045,1000,80423,4270036
2015-07-18,69664352,65402302,4262050,34304,69351,1373305,63925342,984,1019,80024,4180023
2015-07-19,71469567,67123922,4345645,35289,71000,1285864,65731769,897,1023,81114,4262611
2015-07-20,99663145,95194615,4468530,43169,101387,1723753,93326306,998,981,84154,4382397
2015-07-21,99955768,95463482,4492286,43313,104588,1793624,93521957,1035,1034,84923,4405294
2015-07-22,99778118,95266552,4511566,43860,105608,1891429,93225655,1003,1016,86313,4423234
2015-07-23,99156684,94639723,4516961,43812,106164,1908487,92581260,1021,1020,86365,4428555
2015-07-24,93669105,89167515,4501590,42526,101033,1820178,87203778,1053,982,87307,4412248
2015-07-25,73022592,68600684,4421908,35975,75053,1579899,66909757,994,1015,87011,4332888
2015-07-26,72899349,68450392,4448957,36672,75471,1370876,66967373,1008,1073,88340,4358536
2015-07-27,102927905,98331025,4596880,45307,108932,2105140,96071646,1028,1033,90958,4503861
2015-07-28,102171781,97576905,4594876,45427,109927,2097054,95324497,1061,1136,91436,4501243
2015-07-29,101948209,97380251,4567958,45939,110979,2125490,95097843,1048,1089,91938,4473883
2015-07-30,100411226,95849460,4561766,45413,109543,2048817,93645687,1027,1074,89958,4469707
2015-07-31,94745458,90199462,4545996,43120,103883,1941050,88111409,1066,1095,89614,4454221
2015-08-01,73018375,68602344,4416031,36540,77403,1691187,66797214,1038,1080,88136,4325777
2015-08-02,72700278,68236781,4463497,37125,77172,1440879,66681605,1061,1112,89815,4371509
2015-08-03,101558818,96975597,4583221,45268,109220,2158137,94662972,1091,1108,86172,4494850
2015-08-04,101725143,97104749,4620394,45792,110525,2170877,94777555,1105,1094,87516,4530679
2015-08-05,99132614,94531397,4601217,45765,110704,2176168,92198760,1121,1109,88652,4510335
2015-08-06,97777379,93272954,4504425,45058,109425,2125340,90993131,1103,1140,88203,4413979
2015-08-07,92687941,88189656,4498285,42870,104583,2002355,86039848,1148,1186,88058,4407893
2015-08-08,71994508,67601945,4392563,36099,78565,1703958,65783323,1120,1093,87295,4303055
2015-08-09,72176456,67732464,4443992,37187,78699,1478006,66138572,1102,1175,88130,4353585
2015-08-10,100524914,95959268,4565646,45505,110489,2172948,93630326,1129,1162,88787,4474568
2015-08-11,99726405,95132256,4594149,45271,112097,2139215,92835673,1152,1172,90088,4501737
2015-08-12,98998462,94424154,4574308,45115,111856,2169047,92098136,1193,1214,90608,4481293
2015-08-13,94165641,89616827,4548814,44295,109485,2138924,87324123,1131,1219,90816,4455648
2015-08-14,90007629,85431277,4576352,42500,104891,1987482,83296404,1159,1205,91172,4482816
2015-08-15,69222056,64745799,4476257,35952,78867,1520651,63110329,1139,1344,89114,4384660
2015-08-16,71683003,67135981,4547022,37292,81264,1471643,65545782,1181,1486,90964,4453391
2015-08-17,98176798,93534180,4642618,44872,112693,2089688,91286927,1184,1420,89175,4550839
2015-08-18,99424816,94764251,4660565,45888,115343,2212419,92390601,1191,1454,90688,4567232
2015-08-19,98663103,94006826,4656277,45870,114530,2223190,91623236,1234,1419,90489,4563135
2015-08-20,96659822,92215953,4443869,45192,113015,2160658,89897088,1208,1383,90870,4350408
2015-08-21,91865674,87447656,4418018,43781,107963,2021756,85274156,1212,1342,90148,4325316
2015-08-22,71528619,67178513,4350106,37050,81936,1755796,65303731,1150,1394,89708,4257854
2015-08-23,73212771,68773647,4439124,38024,82417,1513440,67139766,1165,1408,91742,4344809
2015-08-24,102870868,98320516,4550352,47049,116333,2260168,95896966,1210,1410,90802,4456930
2015-08-25,102780041,98215233,4564808,47348,117005,2243198,95807682,1186,1443,91385,4470794
2015-08-26,101580080,97019621,4560459,46833,116412,2206879,94649497,1256,1401,92158,4465644
2015-08-27,101134515,96550825,4583690,46961,115541,2143572,94244751,1203,1396,93279,4487812
2015-08-28,95572783,91037704,4535079,44639,109674,1978955,88904436,1204,1378,91596,4440901
2015-08-29,72914183,68493418,4420765,37544,81599,1620752,66753523,1208,1364,90202,4327991
2015-08-30,74629809,70129528,4500281,38595,82583,1491213,68517137,1186,1409,91655,4406031
2015-08-31,104906039,100268992,4637047,44037,106199,2050574,98068182,1075,1113,89841,4545018
2015-09-01,106146187,101486492,4659695,44464,109037,2084060,99248931,1048,1148,90841,4566658
2015-09-02,105224913,100577525,4647388,44481,109276,2059578,98364190,1109,1144,91044,4554091
2015-09-03,103976084,99340971,4635113,44373,108057,2081325,97107216,1066,1144,90742,4542161
2015-09-04,98438772,93829996,4608776,42348,103032,1955235,91729381,1069,1125,90961,4515621
2015-09-05,75183044,70672965,4510079,35785,77014,1635514,68924652,1046,1214,89996,4417823
2015-09-06,76626357,72085525,4540832,36528,78321,1457393,70513283,1020,1154,90791,4447867
2015-09-07,101068557,96431073,4637484,44106,104068,2189332,94093567,1052,1199,92515,4542718
2015-09-08,107967735,103297699,4670036,45311,110939,2182673,100958776,1118,1153,90835,4576930
2015-09-09,107994487,103299250,4695237,45027,111622,2189465,100953136,1129,1216,92313,4600579
2015-09-10,106917388,102216822,4700566,44792,111202,2166332,99894496,1096,1200,91571,4606699
2015-09-11,101220284,96520502,4699782,43383,106338,2041263,94329518,1136,1173,92307,4605166
2015-09-12,77184245,72549213,4635032,36611,78517,1725990,70708095,1081,1217,92416,4540318
2015-09-13,78709484,73993915,4715569,37765,80214,1520167,72355769,1137,1234,93976,4619222
2015-09-14,106309462,101537677,4771785,46394,113270,2279595,99098418,1094,1206,91791,4677694
2015-09-15,105949097,101016748,4932349,46266,113634,2262515,98594333,1154,1190,94017,4835988
2015-09-16,104459198,100011705,4447493,46165,112664,2221813,97631063,1183,1215,93319,4351776
2015-09-17,103461694,98997689,4464005,45353,111821,2040107,96800408,1132,1196,92795,4368882
2015-09-18,98647641,94223545,4424096,43733,108478,2048333,92023001,1180,1196,91996,4329724
2015-09-19,75067454,70692050,4375404,37323,80530,1770647,68803550,1161,1204,91816,4281223
2015-09-20,76161307,71724340,4436967,38010,80697,1515441,70090192,1127,1263,93296,4341281
2015-09-21,107181613,102693099,4488514,46640,113285,2265080,100268094,1206,1194,90890,4395224
2015-09-22,107104185,102577652,4526533,46607,114052,2249280,100167713,1156,1247,92222,4431908
2015-09-23,105526887,101009430,4517457,45984,113437,2153196,98696813,1185,1309,92147,4422816
2015-09-24,101492582,97042805,4449777,43792,110269,1796270,95092474,1162,1296,90116,4357203
2015-09-25,98445176,93994114,4451062,43317,107553,1852801,91990443,1175,1285,89956,4358646
2015-09-26,75391466,70986276,4405190,37459,80957,1668848,69199012,1146,1275,90000,4312769
2015-09-27,76327242,71850284,4476958,38598,81522,1448108,70282056,1128,1353,90964,4383513
2015-09-28,109011077,104436144,4574933,46873,115992,2251105,102022174,1124,1307,89236,4483266
2015-09-29,109335605,104738773,4596832,46966,117387,2282498,102291922,1181,1323,90508,4503820
2015-09-30,108475281,103884428,4590853,45259,117487,2285395,101436287,1201,1274,91633,4496745
2015-10-01,105687408,101094472,4592936,45104,114986,2191116,98743266,1172,1362,91603,4498799
2015-10-02,98513386,93964153,4549233,42962,108560,1878304,91934327,1149,1296,90642,4456146
2015-10-03,76446594,71923789,4522805,37421,82891,1793043,70010434,1130,1338,91149,4429188
2015-10-04,77962007,73369802,4592205,38007,83660,1531044,71717091,1116,1386,92417,4497286
2015-10-05,109281278,104646565,4634713,46673,116902,2295718,102187272,1160,1318,89164,4543071
2015-10-06,109275771,104613541,4662230,46648,117998,2287818,102161077,1175,1383,90371,4569301
2015-10-07,108741334,104078622,4662712,46689,117952,2289447,101624534,1156,1367,91189,4569000
2015-10-08,108254388,103567618,4686770,46353,117809,2228824,101174632,1132,1344,91463,4592831
2015-10-09,102132626,97482771,4649855,44227,111922,2078869,95247753,1166,1285,90678,4556726
2015-10-10,78340356,73765612,4574744,37687,84453,1770563,71872909,1105,1335,90222,4482082
2015-10-11,77930522,73313793,4616729,37940,83333,1526718,71665802,1104,1384,91186,4523055
2015-10-12,105293707,100606417,4687290,42975,103925,2053653,98405864,951,1136,86503,4598700
2015-10-13,111196537,106436289,4760248,43906,110974,2099880,104181529,1018,1132,82961,4675137
2015-10-14,109229237,104468050,4761187,43075,110508,1998081,102316386,1113,1136,89473,4669465
2015-10-15,109285571,104505881,4779690,43170,111394,2111411,102239906,1149,1140,89247,4688154
2015-10-16,103336739,98578042,4758697,41464,106393,1997116,96433069,1294,1147,88736,4667520
2015-10-17,79127537,74441411,4686126,35776,80184,1729339,72596112,1584,1205,89473,4593864
2015-10-18,79685134,74956476,4728658,35973,80728,1472164,73367611,1682,1180,90241,4635555
2015-10-19,112302068,107483287,4818781,44327,113329,2172271,105153360,1485,1257,88533,4727506
2015-10-20,111718562,106844933,4873629,44255,114302,2126035,104560341,1675,1168,84956,4785830
2015-10-21,110387084,105551817,4835267,43907,113375,2077849,103316686,1754,1224,48375,4783914
2015-10-22,107983845,103161312,4822533,42824,111355,1866200,101140933,2069,1204,31157,4788103
2015-10-23,102799749,97956754,4842995,41785,106951,1910476,95897542,2256,1146,89544,4750049
2015-10-24,78270514,73456269,4814245,35832,80120,1591382,71748935,2742,1178,89219,4721106
2015-10-25,81377290,76433630,4943660,37023,82527,1496153,74817927,2860,1251,91958,4847591
2015-10-26,112704174,107759328,4944846,45109,115290,2247417,105351512,2315,1234,88034,4853263
2015-10-27,112488149,107502119,4986030,45243,117104,2235562,105104210,2444,1281,88509,4893796
2015-10-28,111571516,106684312,4887204,45143,116789,2235199,104287181,2550,1239,89635,4793780
2015-10-29,109622733,104757858,4864875,45032,115645,2180254,102416927,2874,1210,88958,4771833
2015-10-30,103404317,98554582,4849735,43126,110544,2047425,96353487,2549,1205,89069,4756912
2015-10-31,79307278,74532230,4775048,36806,82452,1779674,72633298,2986,1228,88657,4682177
2015-11-01,79754070,74919766,4834304,37174,82095,1510479,73290018,2940,1309,89230,4740825
2015-11-02,110028942,105120070,4908872,45725,113224,2255123,102705998,2277,1258,88371,4816966
2015-11-03,112799756,108087902,4711854,46071,117356,2280704,105643771,1910,1177,89887,4618880
2015-11-04,98252094,93824474,4427620,40914,105706,2076018,91601836,1666,692,81328,4343934
2015-11-05,110991438,106124939,4866499,45601,119514,2204326,103755498,2511,1354,92054,4770580
2015-11-06,105232164,100371984,4860180,43954,114290,2070967,98142773,2632,1309,92017,4764222
2015-11-07,80695400,75857172,4838228,37745,85163,1783058,73951206,3439,1370,91456,4741963
2015-11-08,81065921,76156110,4909811,38110,85799,1522093,74510108,3675,1423,93535,4811178
2015-11-09,107993611,103409008,4584603,43430,113325,2148148,101104105,2261,1276,83514,4497552
2015-11-10,111766773,106819576,4947197,45792,119133,2100707,104553944,2608,1395,90614,4852580
2015-11-11,107263451,102253066,5010385,44903,115793,1988243,100104127,2778,1418,93438,4912751
2015-11-12,109969386,104976864,4992522,44789,118405,2019013,102794657,2683,1346,93189,4895304
2015-11-13,104716508,99656057,5060451,43567,113717,1931646,97567127,2690,1342,94891,4961528
2015-11-14,80127104,75148370,4978734,37369,85065,1713493,73312443,3597,1454,94527,4879156
2015-11-15,81527747,76472917,5054830,38409,86409,1527809,74820290,3648,1411,96498,4953273
2015-11-16,113268989,108212400,5056589,46053,119692,2236019,105810636,2755,1418,95944,4956472
2015-11-17,113589881,108484949,5104932,46391,122103,2248754,106067701,2839,1430,97151,5003512
2015-11-18,110101936,105028674,5073262,46437,121957,2241086,102619194,3086,1349,97818,4971009
2015-11-19,108287169,103411623,4875546,45754,119832,2168797,101077240,3314,1398,94867,4775967
2015-11-20,103376323,98465373,4910950,44210,115086,2055600,96250477,3631,1343,95911,4810065
2015-11-21,80114109,75242778,4871331,38132,86842,1789780,73328024,2497,1459,96598,4770777
2015-11-22,80146872,75244946,4901926,38496,86493,1526563,73593394,1960,1496,97222,4801248
2015-11-23,111630973,106671923,4959050,43654,112910,2258309,104257050,1044,1197,93420,4863389
2015-11-24,111318968,106267840,5051128,44047,114767,2260628,103848398,986,1272,95732,4953138
2015-11-25,108199501,103139451,5060050,42668,113351,2192865,100790567,1017,1286,96583,4961164
2015-11-26,102489168,97396317,5092851,41236,108771,2186619,95059691,1063,1263,97250,4993275
2015-11-27,99331715,94200541,5131174,40139,104651,2087019,91968732,1044,1233,98433,5030464
2015-11-28,79534485,74431095,5103390,35590,81169,1838641,72475695,1133,1324,98594,5002339
2015-11-29,81190288,75993588,5196700,36356,82113,1593047,74282072,1145,1361,100913,5093281
2015-11-30,114376103,109093714,5282389,44433,116183,2311384,106621714,1145,1365,101496,5178383
2015-12-01,113432665,108147465,5285200,44417,116904,2299645,105686499,1145,1294,98011,5184750
2015-12-02,111730480,106499128,5231352,44420,116516,2239240,104098952,1182,1300,98511,5130359
2015-12-03,110869669,105630799,5238870,43930,115944,2258792,103212133,1209,1296,99485,5136880
2015-12-04,105144998,99940281,5204717,42136,110493,2128757,97658895,1226,1328,98369,5103794
2015-12-05,80554496,75413716,5140780,36342,82190,1859616,73435568,1180,1369,98361,5039870
2015-12-06,80755230,75540052,5215178,37041,82323,1588484,73832204,1234,1358,99747,5112839
2015-12-07,111428775,106181349,5247426,44477,115155,2343194,103678523,1178,1353,97302,5147593
2015-12-08,109448779,104358636,5090143,44719,114775,2339587,101859555,1188,1401,97933,4989621
2015-12-09,111284741,106191213,5093528,44360,116747,2235624,103794482,1216,1350,98193,4992769
2015-12-10,110335211,105232736,5102475,44349,116180,2272264,102799943,1199,1328,99971,4999977
2015-12-11,104641151,99602552,5038599,42883,111083,2156046,97292540,1187,1389,98714,4937309
2015-12-12,80168605,75154960,5013645,36703,83399,1809284,73225574,1250,1427,99034,4911934
2015-12-13,81086346,76004110,5082236,37379,83656,1609288,74273787,1192,1507,101336,4978201
2015-12-14,113453348,108318209,5135139,45666,118542,2315990,105838011,1245,1396,98991,5033507
2015-12-15,112344062,107180981,5163081,45757,119231,2310594,104705399,1257,1421,100055,5060348
2015-12-16,110220006,105070251,5149755,44983,117729,2241351,102666188,1248,1430,100231,5046846
2015-12-17,108664551,103549044,5115507,44576,116593,2224233,101163642,1296,1417,101331,5011463
2015-12-18,102288353,97226727,5061626,42308,110483,2074600,94999336,1244,1440,101170,4957772
2015-12-19,78717839,73693318,5024521,36621,83078,1800611,71773008,1245,1552,100766,4920958
2015-12-20,77688036,72598796,5089240,36406,81995,1519059,70961336,1319,1604,102500,4983817
2015-12-21,104571340,99408252,5163088,44028,112743,2246257,97005224,1268,1562,102136,5058122
2015-12-22,101600408,96436182,5164226,43398,111046,2206804,94074934,1301,1658,102678,5058589
2015-12-23,95660569,90548742,5111827,41477,104793,2119977,88282495,1315,1564,103529,5005419
2015-12-24,77374333,72396345,4977988,35751,86837,1672037,70601720,1313,1652,98899,4876124
2015-12-25,68748159,63774548,4973611,33169,75739,1373476,62292164,1281,1626,99269,4871435
2015-12-26,71783684,66689219,5094465,34076,75552,1616455,64963136,1333,1681,101924,4989527
2015-12-27,72845071,67701502,5143569,34635,76893,1424934,66165040,1317,1791,102956,5037505
2015-12-28,96171175,90885484,5285691,41165,101041,2115395,88627883,1334,1769,106681,5175907
2015-12-29,94876306,89615997,5260309,41229,100641,2054037,87420090,1308,1775,100648,5156578
2015-12-30,92789588,87551204,5238384,40489,98375,2055078,85357262,1310,1788,101206,5134080
2015-12-31,77745977,72699514,5046463,30956,73618,1811839,70783101,1311,1812,97541,4945799
2016-01-01,68774683,63665131,5109552,29123,64736,1419538,62151734,1298,1747,98917,5007590
2016-01-02,76147753,70946350,5201403,31057,70339,1676594,69168360,1293,1744,101683,5096683
2016-01-03,77702920,72439676,5263244,32073,71906,1466451,70869246,1372,1771,103680,5156421
2016-01-04,105870808,100515876,5354932,38452,99648,2217815,98159961,1401,1753,106058,5245720
2016-01-05,103807892,98717985,5089907,39125,102801,2125545,96450514,1371,1693,103733,4983110
2016-01-06,100560216,95426380,5133836,38422,101455,2137149,93149354,1275,1489,104646,5026426
2016-01-07,104323822,99187664,5136158,38771,104066,2117967,96926860,1278,1491,105070,5028319
2016-01-08,100874230,95730815,5143415,38111,102228,2022337,93568139,1262,1529,106407,5034217
2016-01-09,79962603,74859266,5103337,33345,78166,1749869,72997886,1259,1513,107160,4993405
2016-01-10,79786532,74648663,5137869,33839,78238,1505401,73031185,1229,1601,107671,5027368
2016-01-11,110905098,105691430,5213668,40627,109166,2291959,103249678,1320,1496,109029,5101823
2016-01-12,111002284,105781936,5220348,41009,111195,2290034,103339698,1305,1551,110471,5107021
2016-01-13,109845742,104634877,5210865,40979,111609,2080116,102402173,1301,1522,109262,5098780
2016-01-14,108299009,103061591,5237418,40461,110181,1993058,100917891,1314,1633,108601,5125870
2016-01-15,103346948,98128868,5218080,39104,105348,1801145,96183271,1291,1544,110029,5105216
2016-01-16,80422761,75254582,5168179,33984,79579,1632114,73508905,1219,1602,110328,5055030
2016-01-17,80079148,74864771,5214377,34101,79753,1409648,73341269,1356,1688,111411,5099922
2016-01-18,104516995,99251464,5265531,41348,110978,2136414,96962724,1334,1614,109209,5153374
2016-01-19,106036962,100743406,5293556,41807,112932,2126726,98461941,1283,1628,111075,5179570
2016-01-20,105667340,100369878,5297462,41416,112820,2119432,98096210,1308,1663,112042,5182449
2016-01-21,104984739,99820902,5163837,41239,112487,2091543,97575633,1318,1664,112117,5048738
2016-01-22,100298053,95115029,5183024,39745,107432,1971165,92996687,1323,1630,112302,5067769
2016-01-23,78363259,73229899,5133360,34225,81265,1698100,71416309,1341,1679,112529,5017811
2016-01-24,78025295,72849422,5175873,34542,80301,1443111,71291468,1337,1760,113056,5059720
2016-01-25,107937612,102696815,5240797,41811,112792,2147151,100395061,1342,1727,111092,5126636
2016-01-26,106830746,101546616,5284130,41283,112687,1915493,99477153,1353,1740,113469,5167568
2016-01-27,108020427,102725011,5295416,42163,115294,2170243,100397311,1387,1740,113943,5178346
2016-01-28,107019597,101738868,5280729,41526,114359,2122538,99460445,1346,1852,114246,5163285
2016-01-29,101928852,96626775,5302077,40114,109960,1979954,94496747,1394,1819,116152,5182712
2016-01-30,79293065,74047576,5245489,34483,82247,1730142,72200704,1328,1843,117429,5124889
2016-01-31,79656916,74348325,5308591,34729,81978,1469805,72761813,1361,1919,123175,5182136
2016-02-01,109776310,104376106,5400204,41926,114129,2209103,102010948,1400,1890,126857,5270057
2016-02-02,109617661,104188466,5429195,42239,115397,2228447,101802383,1342,1899,129602,5296352
2016-02-03,108818291,103394205,5424086,41759,114982,2254526,100982938,1353,1848,132880,5288005
2016-02-04,107073655,101683600,5390055,41445,113692,2176487,99351976,1397,1794,130507,5256357
2016-02-05,101461522,96087477,5374045,39776,108280,2022532,93916889,1326,1798,130150,5240771
2016-02-06,78175446,72863790,5311656,34204,80333,1772320,70976933,1353,1896,132156,5176251
2016-02-07,77613309,72256635,5356674,34197,79593,1478704,70664141,1347,1894,132996,5220437
2016-02-08,102472687,97056124,5416563,39931,107794,2023360,94885039,1357,1820,130924,5282462
2016-02-09,104117176,98660390,5456786,41067,110240,2163703,96345380,1359,1882,132930,5320615
2016-02-10,106746530,101279521,5467009,41420,112643,2197443,98928015,1348,1865,134002,5329794
2016-02-11,105800984,100414004,5386980,40928,110956,2115013,98147107,1333,1868,134192,5249587
2016-02-12,101072931,95687091,5385840,39176,107394,1980074,93560447,1315,1842,133902,5248781
2016-02-13,71706307,66871006,4835301,30665,73323,1528327,65238691,1209,1768,122637,4709687
2016-02-14,79460451,74083991,5376460,33980,81026,1478396,72490589,1367,1970,136117,5237006
2016-02-15,109057302,103617289,5440013,39155,99311,2086525,101392298,1208,1637,137069,5300099
2016-02-16,110278450,104830177,5448273,39426,101730,2092288,102596733,1222,1625,132555,5312871
2016-02-17,109933520,104480661,5452859,39295,102655,2102224,102236487,1184,1681,134429,5315565
2016-02-18,109262924,103785138,5477786,39316,102461,2099376,101543985,1229,1765,135495,5339297
2016-02-19,104217480,98766886,5450594,37792,98024,1978443,96652627,1190,1690,134458,5313256
2016-02-20,82299898,76888618,5411280,32608,74057,1732927,75049026,1237,1748,134385,5273910
2016-02-21,80777785,75320940,5456845,32805,73766,1422750,73791619,1219,1796,136400,5317430
2016-02-22,111001811,105490032,5511779,39261,103768,2205317,103141686,1222,1696,138002,5370859
2016-02-23,111280282,105809267,5471015,39465,105405,2230332,103434065,1253,1785,139517,5328460
2016-02-24,111527858,106102159,5425699,39881,105221,2140123,103816934,1260,1758,134585,5288096
2016-02-25,110568615,105126061,5442554,38923,104320,2118950,102863868,1274,1750,136829,5302701
2016-02-26,105184643,99770808,5413835,37715,99656,1994737,97638700,1253,1766,136162,5274654
2016-02-27,81433404,76055897,5377507,32047,74523,1709874,74239453,1208,1796,136448,5238055
2016-02-28,82059036,76637189,5421847,32670,75176,1460830,75068513,1188,1863,137738,5281058
2016-02-29,114500327,109027367,5472960,39397,105676,2235689,106646605,1287,1807,136512,5333354
2016-03-01,113821629,108327017,5494612,39575,106562,2210957,105969923,1278,1855,136961,5354518
2016-03-02,112823988,107320779,5503209,39334,105986,2200297,104975162,1256,1776,138923,5361254
2016-03-03,111097275,105987575,5109700,39009,105067,2169260,103674239,1271,1829,137772,4968828
2016-03-04,105568568,100449260,5119308,37267,100994,2024005,98286994,1257,1780,136891,4979380
2016-03-05,81906743,76814385,5092358,31813,75387,1745891,74961294,1174,1805,136636,4952743
2016-03-06,81413096,76278587,5134509,31775,74633,1461294,74710885,1284,1859,138516,4992850
2016-03-07,111164072,105991423,5172649,38344,104540,2127506,103721033,1187,1835,134859,5034768
2016-03-08,110642176,105399260,5242916,38315,104658,2207221,103049066,761,1828,137184,5103143
2016-03-09,107980045,102751169,5228876,38441,105011,2109069,100498648,590,1780,137144,5089362
2016-03-10,107261565,102031174,5230391,38373,104592,2174730,99713479,1356,1781,138814,5088440
2016-03-11,102332995,97028706,5304289,37366,100831,2041258,94849251,1319,1895,139124,5161951
2016-03-12,78987693,73606215,5381478,31716,75294,1736678,71762527,1288,1900,138911,5239379
2016-03-13,78318625,72703853,5614772,31566,74352,1435479,71162456,1328,1895,139950,5471599
2016-03-14,109922765,104124199,5798566,38620,106521,2222058,101757000,1312,1964,136058,5659232
2016-03-15,109710506,103798331,5912175,38834,107044,2206895,101445558,1325,2008,136990,5771852
2016-03-16,108376755,102390320,5986435,38570,106981,2197876,100046893,1262,1951,137793,5845429
2016-03-17,106210905,100223565,5987340,37666,104985,2132490,97948424,1353,1921,137972,5846094
2016-03-18,101060211,95035037,6025174,36456,100168,2017930,92880483,1290,1954,138334,5883596
2016-03-19,77699354,71620939,6078415,31025,74938,1678784,69836192,1328,1976,138939,5936172
2016-03-20,78023192,71888855,6134337,31192,73865,1396491,70387307,1308,1980,139597,5991452
2016-03-21,107744205,101548243,6195962,37996,103601,2170617,99236029,1375,1964,136645,6055978
2016-03-22,107728415,101480035,6248380,38008,105560,2133538,99202929,1333,1994,138454,6106599
2016-03-23,105356461,99139266,6217195,37013,107043,2001440,96993770,1309,1873,137728,6076285
2016-03-24,99478437,93281873,6196564,35624,98152,1737809,91410288,1261,1944,138004,6055355
2016-03-25,87016153,80797699,6218454,32452,85028,1499504,79180715,1270,1974,138174,6077036
2016-03-26,74425605,68302453,6123152,29182,71255,1522151,66679865,1327,1924,136822,5983079
2016-03-27,71351814,65190479,6161335,28795,69074,1311893,63780717,1288,1939,137773,6020335
2016-03-28,96706456,90323693,6382763,32637,86275,2035829,88168952,1139,1550,142769,6237305
2016-03-29,108278026,101822514,6455512,34842,97519,2061061,99629092,1117,1514,138200,6314681
2016-03-30,107898556,101464126,6434430,34513,97645,2057069,99274899,1095,1465,138251,6293619
2016-03-31,106967791,100518970,6448821,34432,96843,2024970,98362725,1081,1521,138423,6307796
2016-04-01,101553667,95125463,6428204,33108,92538,1888302,93111515,1115,1540,139605,6285944
2016-04-02,78148472,71777958,6370514,28262,69481,1660101,70020114,1063,1594,139513,6228344
2016-04-03,78002877,71610325,6392552,28537,68623,1404113,70109052,1136,1650,140241,6249525
2016-04-04,109289687,102789041,6500646,35038,98773,2073540,100581690,1205,1640,131375,6366426
2016-04-05,110191081,103587443,6603638,35151,101098,2089951,101361243,1174,1739,135186,6465539
2016-04-06,109438603,102863331,6575272,34879,100901,2103087,100624464,1237,1672,135326,6437037
2016-04-07,108521633,101959447,6562186,34802,100707,2088588,99735350,1181,1722,135957,6423326
2016-04-08,102570717,96046799,6523918,33148,95202,1866730,94051719,1130,1693,136988,6384107
2016-04-09,79232718,72768778,6463940,28062,70668,1666508,71003540,1129,1763,135836,6325212
2016-04-10,79832275,73335774,6496501,28855,71000,1441374,71794545,1188,1774,136987,6356552
2016-04-11,110838641,104273426,6565215,35127,101005,2146202,101991092,1136,1768,138530,6423781
2016-04-12,110996582,104327486,6669096,35075,102646,2150772,102038993,1129,1820,139246,6526901
2016-04-13,109362585,102789875,6572710,34433,101720,2111655,100542067,1185,1764,140690,6429071
2016-04-14,107266019,100738514,6527505,33705,99837,1942377,98662595,1182,1814,140313,6384196
2016-04-15,102260711,95757611,6503100,32600,95974,1898974,93730063,1180,1803,140252,6359865
2016-04-16,78423375,71991336,6432039,27584,70649,1711711,70181392,1147,1844,139746,6289302
2016-04-17,78997037,72507894,6489143,28051,70186,1448671,70960986,1155,1869,141415,6344704
2016-04-18,111262808,104679573,6583235,34572,101710,2159185,102384106,1228,1798,132936,6447273
2016-04-19,110569129,103973890,6595239,34401,102298,2134220,101702971,1187,1887,134301,6457864
2016-04-20,109474684,102879198,6595486,34016,101947,2145813,100597422,1159,1894,136783,6455650
2016-04-21,105687863,99106669,6581194,33320,99579,1990836,96982934,1195,1853,137046,6441100
2016-04-22,102008070,95436256,6571814,32452,96229,1888912,93418663,1149,1868,137790,6431007
2016-04-23,79148955,72624972,6523983,27830,71066,1626360,70899716,1116,1891,138363,6382613
2016-04-24,79825294,73237686,6587608,28156,70828,1376451,71762251,1170,1992,139991,6444455
2016-04-25,111813904,105126381,6687523,34411,101514,2155380,102835076,1175,1930,141958,6542460
2016-04-26,112626109,105878057,6748052,34358,103647,2150408,103589644,1200,1890,143328,6601634
2016-04-27,110838317,104077125,6761192,34018,104390,2135328,101803389,1242,1852,144364,6613734
2016-04-28,108920410,102234461,6685949,33759,101345,2104307,99995050,1210,1910,141674,6541155
2016-04-29,101501717,94879336,6622381,32005,95062,1923726,92828543,1188,1852,140855,6478486
2016-04-30,77160465,70637892,6522573,27065,69989,1645220,68895618,1154,1933,140488,6378998
2016-05-01,76064799,69520943,6543856,27163,68346,1299356,68126078,1190,1911,141138,6399617
2016-05-02,103032840,96365318,6667522,32329,94034,2029054,94209901,1191,1934,140327,6524070
2016-05-03,102377226,95873961,6503265,33246,99350,2133668,93607697,1242,1940,141842,6358241
2016-05-04,103629584,97113996,6515588,33513,99676,2107947,94872860,1258,1907,142515,6369908
2016-05-05,95169512,88733640,6435872,31555,91568,1819584,86790933,1286,1965,141930,6290691
2016-05-06,93778857,87385081,6393776,30945,91310,1744600,85518226,1215,1990,141271,6249300
2016-05-07,73179211,66894360,6284851,26611,69349,1602977,65195423,1139,1946,140554,6141212
2016-05-08,73572461,67219060,6353401,27095,69266,1347044,65775655,1168,1957,141689,6208587
2016-05-09,104783939,98308576,6475363,28474,86506,2066029,96127567,956,1262,138953,6334192
2016-05-10,107428604,100900131,6528473,29484,90319,2108883,98671445,1001,1386,140515,6385571
2016-05-11,106606176,100090462,6515714,29643,91638,1883969,98085212,985,1424,141813,6371492
2016-05-12,105298924,98777683,6521241,29489,91644,1864425,96792125,1063,1399,143718,6375061
2016-05-13,99733282,93239498,6493784,28442,87935,1741285,91381836,1000,1428,143012,6348344
2016-05-14,75324234,68910730,6413504,23892,64011,1462919,67359908,1003,1410,141581,6269510
2016-05-15,74760813,68340169,6420644,24200,63710,1250543,67001716,1013,1470,142180,6275981
2016-05-16,103569228,96985605,6583623,29368,88737,1932858,94934642,1046,1515,144557,6436505
2016-05-17,108491136,101882157,6608979,30468,95211,1995177,99761301,1073,1494,145690,6460722
2016-05-18,107229955,100645266,6584689,30291,95844,1995775,98523356,1074,1549,142512,6439554
2016-05-19,105800704,99217174,6583530,29681,94788,1957959,97134746,1070,1570,143684,6437206
2016-05-20,99799111,93264012,6535099,28722,90428,1824527,91320335,1030,1531,142208,6390330
2016-05-21,74384409,67965294,6419115,24101,65118,1517669,66358406,999,1542,140853,6275721
2016-05-22,75337560,68841924,6495636,24562,65381,1252202,67499779,1028,1560,142550,6350498
2016-05-23,109122958,102475182,6647776,30616,96265,2006693,100341608,1055,1612,141862,6503247
2016-05-24,108270920,101601355,6669565,30978,97327,2043384,99429666,1095,1659,143578,6523233
2016-05-25,105484171,98927549,6556622,30528,95538,2018502,96782981,1064,1634,144822,6409102
2016-05-26,99383690,92860318,6523372,29575,91954,1972585,90766204,1061,1619,143844,6376848
2016-05-27,94999986,88969569,6030417,28724,88577,1814068,87038200,1048,1540,134808,5893021
2016-05-28,72232495,66375649,5856846,23879,64750,1538363,64748657,992,1479,132606,5721769
2016-05-29,73596876,67702330,5894546,24666,66083,1293164,66318417,978,1526,133215,5758827
2016-05-30,102606775,96468756,6138019,30113,91690,2024122,94322831,1026,1606,131273,6004114
2016-05-31,107726746,101407693,6319053,30916,97285,2049233,99230259,1086,1555,135518,6180894
2016-06-01,106159332,99872128,6287204,30755,97096,2017308,97726969,1086,1590,137009,6147519
2016-06-02,103618027,97517160,6100867,30215,95931,1983776,95407238,1041,1583,136443,5961800
2016-06-03,98290142,92140730,6149412,28891,91248,1834743,90185848,1030,1604,136778,6010000
2016-06-04,73319743,67371646,5948097,24079,66224,1508149,65773194,1007,1549,132597,5812944
2016-06-05,74449339,68478829,5970510,24732,66489,1288254,67099354,1027,1562,133381,5834540
2016-06-06,106195651,100158677,6036974,30510,95987,2007723,98024457,1008,1631,129982,5904353
2016-06-07,103985973,98075380,5910593,30761,97540,2020140,95926939,1105,1578,131387,5776523
2016-06-08,103574578,97421959,6152619,30710,97180,2033429,95260640,1153,1574,134383,6015509
2016-06-09,101363253,95169784,6193469,30021,96105,1995630,93048028,1114,1567,134974,6055814
2016-06-10,95130096,89107642,6022454,28947,91207,1848112,87139376,1103,1648,127503,5892200
2016-06-11,72815741,66950893,5864848,24329,67115,1540129,65319320,1048,1616,124838,5737346
2016-06-12,74584476,68608133,5976343,24957,68583,1312499,67202094,1051,1701,127955,5845636
2016-06-13,104734131,98659776,6074355,30544,98533,2076038,96454661,1081,1639,126893,5944742
2016-06-14,105369330,99259751,6109579,30793,98956,2061730,97068272,1061,1617,128809,5978092
2016-06-15,103836772,97730628,6106144,30419,98204,2010950,95591055,1075,1626,128955,5974488
2016-06-16,101527418,95428387,6099031,29806,96261,1977751,93324569,1076,1664,129734,5966557
2016-06-17,96355615,90144686,6210929,28974,91305,1854578,88169829,1109,1680,132470,6075670
2016-06-18,72272683,66291815,5980868,24307,66261,1572040,64629207,1102,1710,128885,5849171
2016-06-19,72535391,66521871,6013520,24971,65935,1307480,65123485,1045,1706,128854,5881915
2016-06-20,104152426,98026150,6126276,30698,96430,2059528,95839494,1122,1636,125312,5998206
2016-06-21,103473626,97301259,6172367,30890,97264,2044786,95128319,1081,1658,127014,6042614
2016-06-22,101966912,95798973,6167939,30771,96147,2030860,93641195,1061,1667,127858,6037353
2016-06-23,100338937,94043738,6295199,30281,94899,1975357,91943201,1129,1701,132604,6159765
2016-06-24,93669192,87522030,6147162,28929,88445,1864149,85540507,1118,1653,129544,6014847
2016-06-25,71764185,65718823,6045362,24008,64960,1558260,64071595,1143,1634,130302,5912283
2016-06-26,72275012,66181124,6093888,24989,65228,1295351,64795556,1114,1744,129192,5961838
2016-06-27,103738778,97488706,6250072,28569,87275,2055509,95317353,1013,1587,132877,6114595
2016-06-28,103161975,96955917,6206058,28974,88984,1907554,94930405,1015,1374,125579,6078090
2016-06-29,101969401,95755735,6213666,28794,88255,1903499,93735187,1003,1406,126650,6084607
2016-06-30,99846378,93701040,6145338,28621,87880,1878439,91706100,1062,1410,129536,6013330
2016-07-01,92632861,86577197,6055664,27166,81876,1704646,84763509,992,1433,128934,5924305
2016-07-02,70081123,64120806,5960317,22710,58849,1442919,62596328,1012,1444,126876,5830985
2016-07-03,69807105,63819255,5987850,23082,59234,1157924,62579015,1048,1455,126757,5858590
2016-07-04,94210716,88131103,6079613,27455,82322,1624748,86396578,1063,1472,128590,5948488
2016-07-05,96714830,90585883,6128947,28180,85767,1551828,88920108,1090,1456,118364,6008037
2016-07-06,93997486,87848221,6149265,27512,83279,1339111,86398319,1069,1439,119748,6027009
2016-07-07,93697854,87567158,6130696,27247,84312,1374998,86080601,1065,1491,121115,6007025
2016-07-08,90432573,84362444,6070129,26842,81593,1475932,82778077,1047,1478,121115,5946489
2016-07-09,68839564,62805898,6033666,22416,59029,1278505,61445948,1008,1458,124744,5906456
2016-07-10,69250086,63081963,6168123,23027,59259,1124138,61875539,1066,1594,126875,6038588
2016-07-11,99801188,93588938,6212250,28390,88314,1845459,91626775,1078,1519,127726,6081927
2016-07-12,99997408,93679684,6317724,28858,89629,1868723,91692474,1084,1619,131304,6183717
2016-07-13,98603454,92312789,6290665,28789,89108,1884960,90309932,1082,1564,131540,6156479
2016-07-14,96678896,90197903,6480993,28288,87080,1858217,88224318,1142,1595,135865,6342391
2016-07-15,92205477,85735566,6469911,27153,82838,1734953,83890622,1120,1604,137323,6329864
2016-07-16,69516081,63353195,6162886,22819,59845,1470999,61799532,1103,1610,132920,6027253
2016-07-17,69072404,62960298,6112106,23174,59866,1199694,61677564,1059,1709,132240,5977098
2016-07-18,98508485,92260564,6247921,28701,87756,1920580,90223527,1111,1646,134411,6110753
2016-07-19,97873500,91586689,6286811,28666,88909,1886363,89582751,1139,1626,135777,6148269
2016-07-20,97072495,90700134,6372361,28563,88906,1912798,88669867,1087,1679,141373,6228222
2016-07-21,97425322,90827457,6597865,28511,88743,1858622,88851581,1109,1661,142163,6452932
2016-07-22,92372548,85695859,6676689,27521,84262,1730626,83853450,1143,1674,143771,6530101
2016-07-23,69634041,63462997,6171044,22726,60744,1454664,61924863,1073,1664,136719,6031588
2016-07-24,69361785,63136412,6225373,23238,60774,1212568,61839832,1113,1707,136169,6086384
2016-07-25,96781852,90574757,6207095,28903,88757,1950313,88506784,1132,1688,134025,6070250
2016-07-26,96309715,90190904,6118811,29077,90188,1941315,88130324,1126,1650,133644,5982391
2016-07-27,95441096,89358845,6082251,28910,89481,1950144,87290310,1057,1703,135194,5944297
2016-07-28,94986018,88730736,6255282,28634,89114,1876392,86736596,1101,1744,138302,6114135
2016-07-29,90027987,83793245,6234742,27489,84425,1737308,81944023,1122,1683,137843,6094094
2016-07-30,67686593,61726119,5960474,22635,60901,1431061,60211522,1102,1719,133232,5824421
2016-07-31,68803520,62786947,6016573,23619,61420,1210522,61491386,1065,1698,134126,5879684
2016-08-01,96697147,90561520,6135627,28828,88804,1931014,88512874,1122,1740,137874,5994891
2016-08-02,96713555,90545913,6167642,28940,90006,1906583,88520384,1156,1728,139126,6025632
2016-08-03,95663527,89759123,5904404,28810,89620,1876160,87764533,1202,1721,140808,5760673
2016-08-04,93763751,88010615,5753136,28513,88618,1850992,86042492,1100,1676,133532,5616828
2016-08-05,89151246,83351076,5800170,27352,84707,1711996,81527021,1115,1660,132583,5664812
2016-08-06,67837622,62091282,5746340,22924,61709,1443245,60563404,1103,1770,131199,5612268
2016-08-07,67114280,61293942,5820338,23145,61304,1178551,60030942,1178,1756,131765,5685639
2016-08-08,95905436,89871012,6034424,23580,89081,1867029,87891322,1158,1799,136815,5894652
2016-08-09,96514676,90243636,6271040,24315,66576,1875348,88277397,870,995,142995,6126180
2016-08-10,94877014,88768859,6108155,24532,69853,1504867,87169607,869,1019,140371,5965896
2016-08-11,92745611,86640717,6104894,24438,70850,1516340,85029089,924,1152,141974,5960844
2016-08-12,87466436,81388131,6078305,23321,68778,1415725,79880307,842,1163,143748,5932552
2016-08-13,66328561,60393510,5935051,19443,49995,1192261,59131811,905,1173,140803,5792170
2016-08-14,65676997,59702668,5974329,19768,50135,992816,58639949,872,1229,140122,5832106
2016-08-15,87777277,81673607,6103670,23800,68768,1368757,80212282,870,1265,140955,5960580
2016-08-16,94907568,88718319,6189249,25179,77201,1677763,86938176,931,1279,142875,6044164
2016-08-17,94082522,87632346,6450176,25141,77843,1575061,85954301,913,1356,150081,6297826
2016-08-18,93419471,87138021,6281450,25351,77918,1585736,85449016,946,1375,145540,6133589
2016-08-19,89106548,82907199,6199349,24696,75432,1574763,81232308,954,1298,143384,6053713
2016-08-20,68835078,62730664,6104414,20702,54958,1353021,61301983,915,1395,141276,5960828
2016-08-21,69573445,63416129,6157316,21397,55918,1101836,62236978,937,1405,142538,6012436
2016-08-22,98573478,92355029,6218449,26568,82524,1809951,90435986,996,1403,138328,6077722
2016-08-23,63249110,57000084,6249026,26462,83555,1802578,55087489,1010,1399,139867,6106750
2016-08-24,79792890,73361926,6430964,26445,83524,1811189,71440768,1005,1471,147339,6281149
2016-08-25,82947371,77439243,5508128,26223,83154,1669562,75660304,1008,1447,143835,5361838
2016-08-26,80841665,75275020,5566645,25158,79658,1654564,73515640,989,1483,144913,5419260
2016-08-27,61288780,55806756,5482024,21136,57192,1413786,54314642,984,1434,143458,5336148
2016-08-28,62798205,57310181,5488024,21843,58436,1160973,56068929,940,1464,142843,5342777
2016-08-29,92291332,86666801,5624531,27051,85849,1893918,84659983,1010,1426,147251,5474844
2016-08-30,94688227,88866366,5821861,28186,87552,1860048,86890580,1035,1546,144468,5674812
2016-08-31,95039263,89321658,5717605,28743,88145,1853524,87351246,1076,1511,142904,5572114
2016-09-01,94476116,88780947,5695169,28979,87802,1823906,86840260,1069,1555,146465,5546080
2016-09-02,89772118,84011904,5760214,27954,82907,1658605,82242438,1057,1561,148041,5609555
2016-09-03,67609180,61999019,5610161,23265,59928,1437562,60478264,1014,1560,143711,5463876
2016-09-04,68502502,62831268,5671234,23878,60707,1173963,61572720,1003,1556,144842,5523833
2016-09-05,94348629,88580386,5768243,28889,84644,1729774,86737079,985,1557,147463,5618238
2016-09-06,99810840,93898094,5912746,30104,90769,1897736,91879485,1041,1644,147001,5763060
2016-09-07,97820572,91893452,5927120,30202,89903,1880711,89892636,1093,1660,151030,5773337
2016-09-08,98322866,92492917,5829949,30149,90205,1822793,90549770,1034,1602,147475,5679838
2016-09-09,93763761,87815262,5948499,28807,86215,1682567,86017673,1063,1574,149969,5795893
2016-09-10,70136971,64310302,5826669,24225,61506,1373004,62851567,1050,1607,148383,5675629
2016-09-11,70022611,64222741,5799870,24607,61615,1060262,63076257,1035,1636,146669,5650530
2016-09-12,97846648,91971031,5875617,29333,86862,1473133,90381703,1078,1559,143620,5729360
2016-09-13,100270988,94305449,5965539,30005,89742,1623974,92561728,1048,1677,147298,5815516
2016-09-14,99729378,93779961,5949417,29964,89239,1759553,91901205,1101,1635,147680,5799001
2016-09-15,86183636,80213718,5969918,29822,87812,1712588,78383496,1091,1654,149184,5817989
2016-09-16,81785256,75909181,5876075,28508,82922,1642357,74155394,1065,1606,146973,5726431
2016-09-17,64285553,58347046,5938507,24895,63329,1431217,56827605,1064,1677,150389,5785377
2016-09-18,66069711,60056974,6012737,25655,64456,1211348,58755515,1088,1678,152703,5857268
2016-09-19,93264210,87249691,6014519,31050,92219,1930484,85195938,1048,1668,152736,5859067
2016-09-20,93824892,87682140,6142752,31564,93840,1888857,85667879,1073,1663,148643,5991373
2016-09-21,95174350,88785018,6389332,31753,94567,1965141,86693557,1128,1710,155925,6230569
2016-09-22,92795521,86657044,6138477,31159,91683,1892688,84641514,1080,1798,151375,5984224
2016-09-23,88188960,81998711,6190249,29881,87273,1768643,80112914,1137,1648,153441,6034023
2016-09-24,66714051,60631236,6082815,25092,63718,1521973,59020453,1066,1787,151264,5928698
2016-09-25,67341953,61246065,6095888,25549,64117,1261579,59894820,1093,1781,151695,5941319
2016-09-26,97492978,91332776,6160202,31822,94567,1911454,89294933,1080,1793,148554,6008775
2016-09-27,97149668,90930228,6219440,31598,95091,1899631,88903908,1052,1867,151990,6064531
2016-09-28,96183840,89975304,6208536,31685,94148,1906029,87943442,1106,3465,151960,6052005
2016-09-29,95597398,89399306,6198092,31422,93451,1879623,87394810,1170,4201,153614,6039107
2016-09-30,90364873,84192636,6172237,30200,88679,1695898,82377859,1055,3845,153477,6013860
2016-10-01,67495030,61381308,6113722,25348,63239,1469214,59823507,1031,3842,153649,5955200
2016-10-02,67478475,61298097,6180378,25159,63251,1197631,60012056,1081,4081,155286,6019930
2016-10-03,94770185,88523589,6246596,28746,76448,1615093,86803302,889,3725,140055,6101927
2016-10-04,97491990,91217884,6274106,29081,81094,1670188,89437521,937,3938,142159,6127072
2016-10-05,96666388,90411008,6255380,29243,82310,1697832,88601623,956,3925,143531,6106968
2016-10-06,96035249,89759586,6275663,28774,82556,1675092,87973164,964,3938,148406,6122355
2016-10-07,90883216,84630244,6252972,27538,78820,1554468,82969418,931,4006,147455,6100580
2016-10-08,69836711,63686936,6149775,23301,57894,1286734,62319007,960,4112,145379,5999324
2016-10-09,70175956,63980689,6195267,23848,58207,1082828,62815806,964,4289,147019,6042995
2016-10-10,97690763,91408468,6282295,28878,82912,1650962,89645716,940,4289,150088,6126978
2016-10-11,97652969,91342270,6310699,28768,85176,1456654,89771672,981,4377,152555,6152786
2016-10-12,95047626,88732508,6315118,28963,84281,1591122,87028142,976,4653,155043,6154446
2016-10-13,99207666,92671486,6536180,29457,87139,1757628,90797262,999,4703,159708,6370770
2016-10-14,93515539,87128407,6387132,27880,83070,1643351,85374106,989,4554,156335,6225254
2016-10-15,70573257,64304632,6268625,23318,61106,1386764,62833444,932,4665,154406,6108622
2016-10-16,70778786,64482742,6296044,23253,61855,1151662,63245972,958,4763,155702,6134621
2016-10-17,101910822,95296254,6614568,29311,91172,1871795,93303976,997,4865,163504,6445202
2016-10-18,100873216,95017128,5856088,29464,91960,1819174,93076530,966,4965,146349,5703808
2016-10-19,99708913,93869654,5839259,29912,91930,1806258,91941554,988,4928,150249,5683094
2016-10-20,101480376,94842893,6637483,29761,92356,1820377,92900399,1085,5605,169092,6461701
2016-10-21,95638175,89012053,6626122,28985,88017,1682509,87212542,1101,5742,166586,6452693
2016-10-22,72538292,66032912,6505380,23596,64346,1409903,64535067,1122,5866,166056,6332336
2016-10-23,72878171,66289838,6588333,24044,64824,1167113,65033857,1089,6063,168403,6412778
2016-10-24,104001703,97303607,6698096,29905,93867,1865686,95314149,1102,6021,172446,6518527
2016-10-25,103977510,97186106,6791404,30156,95147,1892137,95168666,1074,6291,176328,6607711
2016-10-26,102497130,95736389,6760741,29828,92887,1828123,93785551,1129,6254,176906,6576452
2016-10-27,101078589,94343540,6735049,29551,90583,1746880,92476526,1072,6292,176739,6550946
2016-10-28,94884503,88172390,6712113,28378,86270,1566941,86490801,1095,6272,177200,6527546
2016-10-29,71670409,65063021,6607388,23647,62051,1257841,63719482,1148,6565,175326,6424349
2016-10-30,72524626,65802597,6722029,24493,62850,1078844,64636410,1082,7006,177898,6536043
2016-10-31,98169386,91406457,6762929,29276,87047,1594331,89695803,1110,7109,174030,6580680
2016-11-01,96125497,89240582,6884915,29227,85689,1613025,87512641,1121,7361,177557,6698876
2016-11-02,101659291,94776932,6882359,30463,91012,1722706,92932751,1110,7525,178269,6695455
2016-11-03,103160438,96250798,6909640,30381,90704,1706397,94423316,1122,7566,180889,6720063
2016-11-04,97286092,90412849,6873243,29159,86314,1568813,88728563,1144,7661,181016,6683422
2016-11-05,75952479,69126573,6825906,24895,63669,1346172,67691837,1151,7762,183435,6633558
2016-11-06,76891752,69975387,6916365,25394,63502,1117024,68769467,1100,7953,183322,6723990
2016-11-07,108540116,101592476,6947640,31428,92581,1787009,99681458,1134,7674,177528,6761304
2016-11-08,107440461,100422831,7017630,31480,93326,1775218,98522807,1132,7867,180419,6828212
2016-11-09,107415745,100362695,7053050,31440,92673,1750337,98488245,1109,7912,181746,6862283
2016-11-10,105472831,98460318,7012513,31065,91459,1693775,96644019,1134,7912,181395,6822072
2016-11-11,96582207,89583121,6999086,29492,84764,1550051,87918814,1137,8241,181874,6807834
2016-11-12,76010360,69135859,6874501,25385,63036,1296644,67750794,1244,8213,178329,6686715
2016-11-13,76771989,69802249,6969740,25851,63869,1093623,68618906,1255,8378,180909,6779198
2016-11-14,107989326,100962979,7026347,31768,93693,1670218,99167300,1283,8344,176114,6840606
2016-11-15,103385541,96297066,7088475,31852,95563,1730771,94438880,1373,8258,178313,6900531
2016-11-16,104243206,97139957,7103249,32042,96622,1728333,95282960,1394,8426,178908,6914521
2016-11-17,102749589,95659473,7090116,31591,95533,1689324,93843025,1418,8638,178942,6901118
2016-11-18,98002026,90898550,7103476,30672,90899,1570753,89206226,1357,8645,189608,6903866
2016-11-19,75116829,68056686,7060143,25744,67356,1323821,66639765,1390,8696,195539,6854518
2016-11-20,74773655,67643929,7129726,25956,66257,1058733,66492983,1419,8765,197021,6922521
2016-11-21,105896825,98689057,7207768,26122,4838,1764080,96894017,1115,472,190355,7015826
2016-11-22,105352810,98115834,7236976,26766,34762,1747727,96306579,1125,4352,191197,7040302
2016-11-23,102696327,95511571,7184756,26665,58750,1723071,93703085,1210,5830,191162,6986554
2016-11-24,97517978,90351303,7166675,26040,63615,1540248,88721400,1117,6360,189542,6969656
2016-11-25,94498970,87312978,7185992,25658,63923,1438931,85784466,1286,6683,188883,6989140
2016-11-26,74409465,67333497,7075968,22045,50296,1232382,66028774,1124,6999,186535,6881310
2016-11-27,75260920,68086567,7174353,22993,52414,1028507,66982653,1221,7399,187982,6977751
2016-11-28,106593562,99316555,7277007,28480,76991,1648340,97562744,1175,7286,190516,7078030
2016-11-29,106720215,99418563,7301652,28715,79776,1679709,97630363,1199,7555,171752,7121146
2016-11-30,105441729,98135970,7305759,28824,81651,1629077,96396418,1287,7787,173832,7122853
2016-12-01,103836177,96866005,6970172,28585,82369,1628374,95126677,1312,7788,175779,6785293
2016-12-02,98429972,91511480,6918492,27528,79540,1495664,89908748,1507,8093,175769,6733123
2016-12-03,75036551,68204107,6832444,23484,57551,1273362,66849710,1256,8127,173358,6649703
2016-12-04,75148380,68239145,6909235,23694,58821,1048225,67108405,1323,8648,176665,6722599
2016-12-05,106614900,99626493,6988407,29299,86137,1709243,97801814,1305,8300,179625,6799177
2016-12-06,104840288,97830100,7010188,29304,86926,1647747,96066123,1191,8433,181402,6819162
2016-12-07,104631868,97616981,7014887,29216,87655,1676075,95824035,1235,8495,182390,6822767
2016-12-08,100302403,93304267,6998136,28793,84188,1627594,91563692,1276,8411,182549,6805900
2016-12-09,97461117,90465888,6995229,27938,82375,1506920,88848655,1337,8498,183216,6802178
2016-12-10,74771140,67838391,6932749,23618,60201,1248791,66505781,1268,8464,181211,6741806
2016-12-11,74979226,67944620,7034606,23977,60057,1029362,66831224,1175,8704,183958,6840769
2016-12-12,103917107,96816933,7100174,28540,86687,1422297,95279409,1258,8627,186581,6903708
2016-12-13,105521511,98383444,7138067,29515,89349,1615015,96649565,1280,8672,187834,6940281
2016-12-14,104706924,97514977,7191947,29593,89858,1644255,95751271,1342,8892,183933,6997780
2016-12-15,101760844,94584950,7175894,29191,89890,1613990,92851879,1323,8726,184432,6981413
2016-12-16,95570463,88465754,7104709,27935,84573,1481489,86871757,1236,8659,182141,6912673
2016-12-17,72885856,65841361,7044495,23844,61451,1224380,64531686,1152,8831,181161,6853351
2016-12-18,72831937,65707198,7124739,24086,61686,1040278,64581148,1264,8908,183553,6931014
2016-12-19,102344695,95062076,7282619,29512,89543,1668225,93274796,1366,9044,179705,7092504
2016-12-20,100718811,93501316,7217495,29188,90725,1640688,91740715,1385,8964,179990,7027156
2016-12-21,98466451,91233723,7232728,28861,88695,1614820,89501347,1308,9170,181156,7041094
2016-12-22,95088652,87879839,7208813,28419,86433,1555114,86209873,1399,8901,180747,7017766
2016-12-23,85625491,78466269,7159222,26614,76358,1398707,76964590,1343,8967,178512,6970400
2016-12-24,63913051,56918181,6994870,21601,56099,1139443,55701038,1287,9044,175341,6809198
2016-12-25,60604575,53579451,7025124,20964,53466,879212,52625809,1331,8873,175929,6838991
2016-12-26,78861816,71579042,7282774,24648,68468,1350682,70135244,1416,9301,182533,7089524
2016-12-27,89723272,82361435,7361837,26642,76605,1503698,80754490,1330,9448,167838,7183221
2016-12-28,90065205,82717100,7348105,26917,77586,1517430,81095167,1367,9396,169092,7168250
2016-12-29,88585819,81241778,7344041,26983,76135,1440128,79698532,1338,9599,170479,7162625
2016-12-30,83024282,75738288,7285994,25656,70580,1310247,74331805,1334,9321,169600,7105739
2016-12-31,64434656,57344971,7089685,21238,52579,1098413,56172741,1332,9454,166718,6912181
2017-01-01,64204063,57061678,7142385,22083,50880,881346,56107369,1312,9450,167274,6964349
2017-01-02,85734213,78311973,7422240,26266,69803,1374432,76841472,1392,9733,174769,7236346
2017-01-03,96946869,89462016,7484853,28627,81934,1577609,87773846,1406,9702,178230,7295515
2017-01-04,98499353,90959726,7539627,29150,84455,1590304,89255817,1554,9667,179714,7348692
2017-01-05,97377847,89887252,7490595,29005,85309,1563781,88209157,1504,9776,179811,7299504
2017-01-06,90370754,82886298,7484456,27826,80060,1455779,81322633,1473,9742,180822,7292419
2017-01-07,75278778,67830250,7448528,25006,61341,1248266,66495637,1381,9832,180538,7256777
2017-01-08,74661528,67154688,7506840,25100,61270,1025648,66042670,1413,10288,181215,7313924
2017-01-09,105090722,97489735,7600987,30565,89695,1654762,95714713,1480,9998,177183,7412326
2017-01-10,103381237,96154462,7226775,30879,92482,1620301,94410800,1585,10087,177150,7037953
2017-01-11,103186269,95915867,7270402,30801,93564,1637402,94154100,1577,10273,179992,7078560
2017-01-12,102382193,95062777,7319416,30336,92766,1577732,93361943,1563,10004,181869,7125980
2017-01-13,97722597,90411480,7311117,29395,87915,1444560,88849610,1527,10225,182934,7116431
2017-01-14,74415896,67181858,7234038,24998,63000,1123923,65969937,1435,10004,180651,7041948
2017-01-15,74639844,67319235,7320609,25104,63481,1005935,66224715,1599,10076,182635,7126299
2017-01-16,103931499,96534905,7396594,30759,91452,1629599,94783095,1668,9982,165235,7219709
2017-01-17,105297262,97872233,7425029,30984,93928,1638709,96108612,1635,10179,168232,7244983
2017-01-18,104805201,97350337,7454864,30931,94274,1633905,95591227,1580,10180,169765,7273339
2017-01-19,101881100,94436310,7444790,30859,93798,1564789,92746864,1574,10154,171497,7261565
2017-01-20,96597549,89196363,7401186,29917,89449,1448041,87628956,1618,10000,172204,7217364
2017-01-21,74378007,67066849,7311158,25381,64536,1224515,65752417,1668,10043,170385,7129062
2017-01-22,74811136,67419247,7391889,25724,65116,997414,66330993,1577,10281,172998,7207033
2017-01-23,104281493,96816681,7464812,1216,5,1630399,95185061,81,10265,176411,7278055
2017-01-26,98375589,90812537,7563052,20014,248,1361791,89430484,848,20,181167,7381017
2017-01-27,94178775,86652870,7525905,20786,512,1445692,85185880,949,35,180537,7344384
2017-01-28,72384615,65050902,7333713,18667,14701,1168268,63849266,918,625,178321,7153849
2017-01-29,73031789,65614415,7417374,19712,28921,1013323,64552459,986,1095,179530,7235763
2017-01-30,102333448,94819489,7513959,24617,42788,1660702,93091382,1171,1301,183543,7327944
2017-01-31,102674796,95110846,7563950,25365,60356,1689216,93335909,1154,2328,179076,7381392
2017-02-01,101562239,94003763,7558476,25547,66062,1675425,92236729,1133,5115,180361,7371867
2017-02-02,101217174,93646439,7570735,25926,69559,1687136,91863818,1098,6769,180505,7382363
2017-02-03,97229286,89662168,7567118,25273,69247,1587823,87979825,1149,7332,179859,7378778
2017-02-04,75610983,68116838,7494145,21621,50354,1345882,66698981,1103,7611,179085,7306346
2017-02-05,75006062,67452269,7553793,22000,51355,1103271,66275643,1137,7896,180574,7364186
2017-02-06,105078240,97422882,7655358,26960,76970,1817257,95501695,1277,8379,183953,7461749
2017-02-07,85466635,79412396,6054239,21329,65766,1660396,77664905,994,6315,137773,5909157
2017-02-09,103862301,95782480,8079821,27573,83199,1774682,93897026,1373,8995,185413,7884040
2017-02-10,98793286,90765432,8027854,26768,79955,1641050,89017659,1322,8916,183856,7833760
2017-02-11,75325990,67434600,7891390,22735,56489,1356600,65998776,1309,9169,182698,7698214
2017-02-12,75631147,67716859,7914288,24022,57332,1138774,66496731,1417,9368,184072,7719431
2017-02-13,106413860,98431030,7982830,29119,85989,1842250,96473672,1589,9189,177500,7794552
2017-02-14,104578112,96635236,7942876,29438,86272,1818885,94700641,1456,9719,177755,7753946
2017-02-15,103615195,95697074,7918121,29191,87258,1711706,93868919,1479,9530,180060,7727052
2017-02-16,103441820,95533733,7908087,29000,87517,1804907,93612309,1534,9667,180684,7716202
2017-02-17,98479878,90612928,7866950,28416,84056,1678791,88821665,1536,9470,179374,7676570
2017-02-18,75467537,67710398,7757139,24242,59486,1418091,66208579,1397,9790,178591,7567361
2017-02-19,74941190,67149030,7792160,24666,59710,1152214,65912440,1388,9755,179080,7601937
2017-02-20,105179918,97267448,7912470,29725,88113,1887714,95261896,1429,9874,184401,7716766
2017-02-21,104803746,97020494,7783252,29607,90113,1814519,95086255,1450,9972,178033,7593797
2017-02-22,104258706,96447001,7811705,29907,90698,1876002,94450394,1540,10267,180389,7619509
2017-02-23,100977509,93155022,7822487,29477,89352,1823027,91213166,1532,10180,181832,7628943
2017-02-24,95487893,87689216,7798677,28338,85073,1577180,85998625,1514,10103,182270,7604790
2017-02-25,74405471,66788241,7617230,24449,61103,1420702,65281987,1344,10051,178907,7426928
2017-02-26,74223517,66563009,7660508,24618,61430,1173240,65303721,1376,10250,179623,7469259
2017-02-27,99211137,91482031,7729106,30144,88518,1893313,89470056,1346,10388,174336,7543036
2017-02-28,100002308,92208413,7793895,30298,90273,1884320,90203522,1707,10354,176784,7605050
2017-03-01,101403262,94409421,6993841,30471,93717,1882903,92402330,1814,10173,179127,6802727
2017-03-02,101001343,94017099,6984244,30448,95130,1826493,92065028,1373,10267,180621,6791983
2017-03-03,95950426,88970207,6980219,29441,90458,1722388,87127920,1378,10245,179150,6789446
2017-03-04,73403587,66495436,6908151,24996,63840,1461636,64944964,1400,10304,179111,6717336
2017-03-05,73696369,66708080,6988289,25520,64153,1186823,65431584,1450,10259,180151,6796429
2017-03-06,104700021,97608924,7091097,31026,96019,1936734,95545145,1574,10400,181504,6897619
2017-03-07,103912349,96763244,7149105,31315,96791,1929139,94705999,1502,10616,182221,6954766
2017-03-08,98648463,91470680,7177783,30898,95128,1816852,89527802,1521,10699,185058,6980505
2017-03-09,96839495,89685286,7154209,31179,95923,1715411,87842773,1572,10582,179624,6962431
2017-03-10,89390285,82239864,7150421,29691,90944,1562125,80557104,1492,10508,179195,6959226
2017-03-11,67612184,60579138,7033046,24989,63908,1276128,59214113,1388,10714,177021,6843923
2017-03-12,67836490,60756457,7080033,25451,64359,1060444,59606203,1428,10735,177136,6890734
2017-03-13,94087602,86928634,7158968,30715,95489,1526677,85275753,1550,10723,172308,6974387
2017-03-14,93986601,86784165,7202436,31249,98223,1711337,84943356,1500,10779,175261,7014896
2017-03-15,93302359,86089384,7212975,31018,99113,1723366,84235887,1536,10582,176811,7024046
2017-03-16,92060742,84876728,7184014,30924,97999,1675457,83072348,1623,10533,176500,6995358
2017-03-17,87271130,80113144,7157986,29519,93427,1543223,78446975,1571,10480,175765,6970170
2017-03-18,67719544,60566151,7153393,25385,65937,1298869,59175960,1576,10927,174842,6966048
2017-03-19,67545330,60349907,7195423,25512,65839,1060080,59198476,1510,10961,175756,7007196
2017-03-20,70720820,65246739,5474081,23207,72990,1283061,63867481,1115,8193,127452,5337321
2017-03-21,94173953,86894915,7279038,31031,100136,1678022,85085726,1567,11230,170857,7095384
2017-03-22,93368909,86083698,7285211,30694,100210,1671209,84281585,1457,11336,173844,7098574
2017-03-23,92418871,85152936,7265935,30478,99238,1629218,83394002,1500,12019,173385,7079031
2017-03-24,87484273,80264219,7220054,29339,93881,1526029,78614970,1455,11833,172924,7033842
2017-03-25,66163092,59081371,7081721,24597,65403,1251999,57739372,1408,12032,170112,6898169
2017-03-26,65798695,58690385,7108310,25000,65735,1006647,57593003,1397,12144,170962,6923807
2017-03-27,94672946,87410577,7262369,28707,90877,1654148,85636845,1295,11825,172665,7076584
2017-03-28,93105832,85793295,7312537,28686,91729,1533144,84139736,1368,10840,174403,7125926
2017-03-29,93422487,86066077,7356410,29154,92233,1627184,84317506,1278,10965,185422,7158745
2017-03-30,92912292,85584133,7328159,28973,92531,1662710,83799919,1397,10898,182654,7133210
2017-03-31,88087234,80802399,7284835,27965,88534,1545679,79140221,1362,10855,180102,7092516
2017-04-01,67191439,60037499,7153940,23707,61574,1252139,58700079,1282,10961,177369,6964328
2017-04-02,66658416,59491188,7167228,23988,60722,1030882,58375596,1419,11336,176314,6978159
2017-04-03,94389787,87056980,7332807,29506,92856,1723097,85211521,1433,11287,180388,7139699
2017-04-04,93471187,86104477,7366710,29392,93811,1652922,84328352,1410,11483,176400,7177417
2017-04-05,94286590,86875072,7411518,29556,94977,1654302,85096237,1450,11677,177644,7220747
2017-04-06,93146345,85753426,7392919,29341,94507,1648666,83980912,1442,11666,178356,7201455
2017-04-07,88373783,80985864,7387919,28144,90337,1533769,79333614,1507,11170,178262,7196980
2017-04-08,66623967,59405778,7218189,23581,62005,1267238,58052954,1436,11196,174575,7030982
2017-04-09,65720140,58502022,7218118,23873,61702,1063897,57352550,1423,11216,174114,7031365
2017-04-10,93372209,85981701,7390508,29232,93919,1712138,84146412,1454,11364,178250,7199440
2017-04-11,92265648,84859268,7406380,29410,94608,1662879,83072371,1470,11315,173376,7220219
2017-04-12,90913984,83519854,7394130,29369,93737,1663558,81733190,1464,11717,174776,7206173
2017-04-13,85197018,77885954,7311064,28312,87090,1545158,76225394,1444,11524,172325,7125771
2017-04-14,71898573,64683906,7214667,25192,72286,1101051,63485377,1433,11327,167645,7034262
2017-04-15,63262512,56095092,7167420,23151,58933,1212635,54800373,1375,11482,167509,6987054
2017-04-16,60752488,53562949,7189539,22832,57520,1006796,52475801,1474,11538,168086,7008441
2017-04-17,82808098,75413893,7394205,27543,80831,1564225,73741294,1455,11769,172482,7208499
2017-04-18,90158262,82661839,7496423,30340,95202,1689313,80846984,1487,12254,171473,7311209
2017-04-19,89791716,82263639,7528077,30375,95810,1659339,80478115,1483,12054,173736,7340804
2017-04-20,89397282,81524605,7872677,30099,96008,1629505,79768993,1515,11985,174160,7685017
2017-04-21,83478766,75662236,7816530,29096,90073,1496468,74046599,1624,12134,174501,7628271
2017-04-22,66015814,58324884,7690930,24830,64064,1275813,56960177,1710,11938,174828,7502454
2017-04-23,66120050,58386209,7733841,25331,63633,1050889,57246356,1721,12152,177243,7542725
2017-04-24,91086608,83345146,7741462,30329,95739,1583870,81635208,1686,12043,170250,7557483
2017-04-25,91510366,83715545,7794821,30752,97350,1679402,81908041,1686,12195,171975,7608965
2017-04-26,92602163,84803656,7798507,31102,98232,1720833,82953489,1647,12427,174870,7609563
2017-04-27,91006669,83265848,7740821,30582,96485,1665983,81472798,1620,12942,176142,7550117
2017-04-28,85795961,78121284,7674677,29297,91182,1522301,76478504,1775,12837,174473,7485592
2017-04-29,64529566,57015620,7513946,24626,62495,1280089,55648410,1732,12218,170746,7329250
2017-04-30,62165935,54726635,7439300,24465,60900,1033339,53607931,1739,12212,168929,7256420
2017-05-01,73382606,65788822,7593784,26613,72929,1216384,64472896,1783,12516,167765,7411720
2017-05-02,92635461,84917419,7718042,31076,96173,1717952,83072218,1830,12445,170807,7532960
2017-05-03,91297207,83889359,7407848,30791,96244,1707675,82054649,1877,12576,162704,7230691
2017-05-04,91027060,83731842,7295218,30538,96018,1677566,81927720,1919,12601,98350,7182348
2017-05-05,85772597,78563603,7208994,29200,91218,1531363,76911822,1821,12236,66150,7128787
2017-05-06,65143446,58115746,7027700,24509,64267,1289627,56737343,1766,12172,53008,6960754
2017-05-07,65520016,58377004,7143012,24897,64361,1058460,57229286,1779,12434,46162,7082637
2017-05-08,90649989,83397901,7252088,29825,95449,1665092,81607535,1789,12418,42155,7195726
2017-05-09,91877671,84637129,7240542,30129,97794,1656156,82853050,1833,12385,37114,7189210
2017-05-10,91247390,83960735,7286655,30091,97297,1553083,82280264,1840,12449,99835,7172531
2017-05-11,90003683,82640753,7362930,29676,97007,1509285,81004785,1996,12260,130392,7218282
2017-05-12,86062076,78655995,7406081,28798,92933,1507468,77026796,1780,12371,140641,7251289
2017-05-13,64903062,57619675,7283387,24136,63923,1240039,56291577,1760,12308,144149,7125170
2017-05-14,64402599,57078461,7324138,24430,63404,1035431,55955196,1960,12260,148140,7161778
2017-05-15,92533733,85079084,7454649,29730,97689,1645212,83306453,1934,12280,153380,7287055
2017-05-16,92053452,84576879,7476573,29786,98763,1656949,82791381,1853,12478,156180,7306062
2017-05-17,90867300,83384219,7483081,29846,98303,1655639,81600431,1941,12590,159209,7309341
2017-05-18,90520038,83041304,7478734,29637,97855,1621592,81292220,1922,12376,156531,7307905
2017-05-19,85634294,78195606,7438688,28610,92966,1506209,76567821,1868,12120,157350,7267350
2017-05-20,64267491,57011617,7255874,23773,63827,1255538,55668479,1910,12075,153701,7088188
2017-05-21,64721944,57396919,7325025,24621,64491,1042628,56265179,1837,12068,157300,7153820
2017-05-22,91726688,84278948,7447740,30124,97666,1684023,82467135,1986,12056,159712,7273986
2017-05-23,91398864,83918762,7480102,30185,99383,1677029,82112165,1915,12116,154938,7311133
2017-05-24,89328261,81858039,7470222,30027,98377,1655557,80074078,2202,12090,156526,7299404
2017-05-25,81764340,74443291,7321049,28394,89864,1471826,72853207,2053,11902,156436,7150658
2017-05-26,80464399,73195010,7269389,27834,87923,1469099,71610154,2018,11879,156528,7098964
2017-05-27,62224916,55146162,7078754,23735,60645,1219566,53842216,1977,11591,153042,6912144
2017-05-28,62355045,55193863,7161182,23857,59539,1019487,54090980,1953,11649,154500,6993080
