Date,Desktop/Delta,Desktop/Delta%,Android/Delta,Android/Delta%
2015-07-20,-7111921.857142851,-8.269957399450425,525916.8571428573,11.99535697824053
2015-07-21,-7365840.285714284,-8.593716775127538,547084.2857142854,12.459807531650563
2015-07-22,-7544819.428571433,-8.825776902696383,577426.8571428568,13.112137427805573
2015-07-23,-7385297.428571433,-8.621158952047958,597786.5714285714,13.520413323079222
2015-07-24,-7016730,-8.155491657629167,620316,13.962712438632341
2015-07-25,-6515637.428571433,-7.533070092948864,644821.7142857141,14.440085165993
2015-07-26,-6215473.428571418,-7.170325578175457,661915.5714285714,14.774054089628406
2015-07-27,-5582101.142857149,-6.406536622669313,678611.5714285718,15.084975148417856
2015-07-28,-4280828.142857149,-4.896109684945714,726243.5714285714,16.091372010871613
2015-07-29,-2928348.7142857164,-3.3377119574703453,760473.8571428568,16.819789359138777
2015-07-30,-2119807,-2.4113916831186004,798145.2857142859,17.62803198782354
2015-07-31,-1476391.7142857015,-1.6766612910660492,830581.8571428573,18.31876782721567
2015-08-01,-1064385.8571428657,-1.2087644098883434,853714.7142857141,18.832458141290253
2015-08-02,-1056532.8571428508,-1.2002621431867306,875678.2857142854,19.308114869673997
2015-08-03,-1214996.1428571492,-1.3833255153371593,898434,19.818389772650818
2015-08-04,-1885581.2857142836,-2.1484655543571094,882455.9999999995,19.450293292930535
2015-08-05,-2769974.8571428657,-3.170863558268771,881118.5714285718,19.400498022749165
2015-08-06,-2687220.2857142836,-3.089148090451405,891348.4285714286,19.66120075005402
2015-08-07,-1770746.1428571343,-2.042337738296189,922958.1428571427,20.389095615340892
2015-08-08,-780803.8571428657,-0.9020480312160517,958769.8571428573,21.19591131798587
2015-08-09,-256358.85714285076,-0.29641328514501336,979535.1428571427,21.668325691202373
2015-08-10,811909.5714285821,0.9403438378256589,1023917.2857142859,22.66269114257964
2015-08-11,2568673,2.9847469856326465,1086509.8571428568,24.068045352893577
2015-08-12,3331983.8571428508,3.872388398280761,1093555.5714285714,24.244765398483935
2015-08-13,1744592.571428582,2.039925495179995,1049489.9999999995,23.235139671672464
2015-08-14,-140045.85714285076,-0.16451149119195016,993383.2857142859,21.93879862533311
2015-08-15,-1390957.7142857015,-1.6418235573836777,936502,20.62811021866348
2015-08-16,-2498866.1428571492,-2.9525181927179402,894867.7142857146,19.647344371597907
2015-08-17,-4479273.142857134,-5.31420745240104,826362.8571428573,18.099583473093464
2015-08-18,-7061323.428571433,-8.382779111198808,739963.5714285718,16.173594426717152
2015-08-19,-8935911.142857134,-10.615690349669748,702185.0000000005,15.308675542674003
2015-08-20,-9116989.285714284,-10.783242633701704,682462.8571428568,14.927494206785866
2015-08-21,-9607963,-11.325362943193634,647543.8571428568,14.23413482701916
2015-08-22,-10700247.285714284,-12.561432370006095,614530.4285714286,13.562168420770545
2015-08-23,-10979673.85714285,-12.854158602544269,589205.4285714286,13.04765174011218
2015-08-24,-10886936.571428567,-12.64437118324099,564646.5714285714,12.540411826001716
2015-08-25,-11206637.571428567,-12.941579337560016,538972.9999999995,12.006697482324311
2015-08-26,-10553991.714285716,-12.1276168994605,511036.1428571427,11.419169236143846
2015-08-27,-10022679,-11.435707514200704,485547.4285714282,10.801410526102355
2015-08-28,-9497218.285714298,-10.773124707315638,502022.99999999953,11.126530848998987
2015-08-29,-9150909.571428567,-10.358219813192052,512113.71428571455,11.324839294228713
2015-08-30,-8876710.571428567,-10.025862871060804,515470.7142857141,11.377094823927047
2015-08-31,-8573578.285714284,-9.65313962401129,517997.8571428568,11.401705212880554
2015-09-01,-7398976.428571418,-8.287031539141196,524253.2857142859,11.505066806249214
2015-09-02,-7612836.7142857015,-8.478295229140839,529487.4285714286,11.58835159327594
2015-09-03,-7773648.428571418,-8.619127862509288,561174.1428571427,12.262131653989426
2015-09-04,-7936067.428571433,-8.760465779435876,565631.4285714282,12.331159440488214
2015-09-05,-8200338.142857134,-9.021182369906086,570730.7142857141,12.407814070391552
2015-09-06,-8121113.428571433,-8.906648444528779,570518.1428571423,12.387591647737677
2015-09-07,-8793163,-9.702042786815435,567970,12.332096967040327
2015-09-08,-9315248.14285715,-10.248832542032845,568339.2857142854,12.336158206455693
2015-09-09,-8946703.714285716,-9.801423108469479,580618.0000000005,12.584004418662387
2015-09-10,-8599151.285714284,-9.37845639770686,585011,12.653572705381855
2015-09-11,-7981649.428571433,-8.668654730715037,587532.7142857141,12.672480965067617
2015-09-12,-7778112.428571418,-8.423078577446459,592590.5714285709,12.732551481294562
2015-09-13,-7585735,-8.190567782089488,600663,12.837145817941945
2015-09-14,-6977794.142857134,-7.475272708659462,602483.4285714286,12.823470878001212
2015-09-15,-7510551.428571433,-8.074198205863665,625566,13.209410949879215
2015-09-16,-8099593.714285716,-8.751633114273345,570401.8571428573,12.135259561439812
2015-09-17,-8614743,-9.354736769826879,522788.5714285718,11.202835730039316
2015-09-18,-9353640.714285716,-10.19342625260269,464326.42857142864,10.034739072888083
2015-09-19,-9729149.714285716,-10.633393291541735,409051.42857142864,8.911601399546186
2015-09-20,-10193369,-11.18037657296513,348808.5714285718,7.665617264344189
2015-09-21,-10229837.142857134,-11.200098894021338,288126,6.388840282572415
2015-09-22,-10322090.428571418,-11.273579226913895,214137.28571428545,4.810064572705611
2015-09-23,-10428316.428571433,-11.371894412556454,210433.4285714291,4.716278077375667
2015-09-24,-10837584.142857134,-11.854294445912116,191858,4.301921396719689
2015-09-25,-10868291.857142866,-11.892146368638613,184781.5714285709,4.139674964700747
2015-09-26,-10969896.428571433,-11.997804638822865,181702.57142857183,4.0668190756342915
2015-09-27,-10926350.857142866,-11.947827651254867,185448.71428571455,4.145363711525397
2015-09-28,-10629466.714285716,-11.591626257062655,198817.71428571455,4.431972450083457
2015-09-29,-10260002.571428582,-11.151175422562147,206954.14285714272,4.6030420044554194
2015-09-30,-10067181.428571433,-10.892981061662754,208807.28571428545,4.6334536934701305
2015-10-01,-9475825.85714285,-10.189302804757595,225892.85714285728,4.989939020657293
2015-10-02,-9283824,-9.983303749341756,233838.14285714272,5.149496168787582
2015-10-03,-8499018.428571433,-9.126224140766208,245527.57142857183,5.386983988177244
2015-10-04,-8031014.428571433,-8.603628150374895,257418,5.627537238915037
2015-10-05,-7775609.857142866,-8.32733146970569,251086.71428571455,5.478897056529148
2015-10-06,-6084448.142857149,-6.5174213949801665,277037.4285714282,6.032862056977793
2015-10-07,-3732820.8571428657,-3.99726296345939,346430.71428571455,7.52716731879986
2015-10-08,-2751443.571428567,-2.9352573988009567,346250.1428571427,7.501395514323625
2015-10-09,-1975027.1428571492,-2.095733271820132,387159.7142857136,8.361648055353538
2015-10-10,-1781989.428571418,-1.8856331723849442,416679.1428571427,8.98479322559071
2015-10-11,-1700217.5714285672,-1.7992576523543125,440994.8571428573,9.501931389345396
2015-10-12,-2005263.8571428508,-2.13511426569489,479738.4285714291,10.320021339672964
2015-10-13,-2785672.428571433,-2.9578572336506435,484656.42857142864,10.394505873887981
2015-10-14,-4375213,-4.642906049362793,453129,9.689098419843612
2015-10-15,-4434323,-4.698948920119241,488420.28571428545,10.414160110848258
2015-10-16,-4613837.857142851,-4.88108356983798,481707,10.23707909735649
2015-10-17,-4809396.428571433,-5.082778130422049,478052.4285714291,10.125175011521202
2015-10-18,-4664713.714285716,-4.917674936740183,478529.1428571427,10.101062979028699
2015-10-19,-3805939.1428571492,-3.9712010370971864,479731.8571428573,10.086456508615363
2015-10-20,-4158045.1428571492,-4.335955078408049,478870,10.034164334604293
2015-10-21,-4237603.571428567,-4.411794799534479,467783.5714285709,9.780173429299033
2015-10-22,-4479158.571428567,-4.672623347859601,455602,9.513314032157139
2015-10-23,-4216157.428571433,-4.402338683439922,455556.8571428573,9.48851179402612
2015-10-24,-4084185.1428571343,-4.270814565586475,461374.4285714282,9.57318787336108
2015-10-25,-3778430.2857142836,-3.94238858366109,474765,9.788649030915336
2015-10-26,-3819610.1428571492,-3.983716243273188,470204.1428571427,9.658749588250783
2015-10-27,-3674136.571428567,-3.828244016385492,476092.71428571455,9.747558729596419
2015-10-28,-3367306.7142857164,-3.502640101297666,476000.71428571455,9.730893024499244
2015-10-29,-3231691,-3.3536176629208083,475250.8571428573,9.703564549552555
2015-10-30,-3427913.571428567,-3.5540935494126167,471058.85714285634,9.616082777216302
2015-10-31,-3311940,-3.428387335742516,467451.5714285718,9.553364799883504
2015-11-01,-3718733.428571433,-3.8581207447147032,451905.14285714366,9.265222039150457
2015-11-02,-4303768.142857149,-4.482618625718084,453429,9.306270661279395
2015-11-03,-4150487.2857142836,-4.319203263144384,416467.28571428545,8.616931621796375
2015-11-04,-6084440.428571418,-6.455181005235476,352012,7.383618777580502
2015-11-05,-6291521.428571433,-6.66107841089337,348257.2857142864,7.304506403380952
2015-11-06,-6363084.571428582,-6.718377672651489,341670.71428571455,7.1641145197946985
2015-11-07,-6753918.428571433,-7.116811702948356,338642.1428571427,7.087199223548671
2015-11-08,-6844246,-7.198595300844213,337239.5714285709,7.04194879083844
2015-11-09,-7253152.285714284,-7.648335337051877,275620,5.811475988812244
2015-11-10,-7830454.857142851,-8.272898160971529,289752.7142857136,6.066461172110959
2015-11-11,-6715052.285714284,-7.005355676038719,356244,7.3307908130261
2015-11-12,-7155211.714285716,-7.477337775682566,365207.5714285718,7.487504146539763
2015-11-13,-7567226.428571433,-7.916362285997984,384238.71428571455,7.83174321249126
2015-11-14,-7928530,-8.303131084754197,385760.7142857136,7.830728039851159
2015-11-15,-8019355,-8.394268727847999,396193.5714285709,8.008828624977832
2015-11-16,-7501711,-7.796424187603024,449745.1428571427,8.969095438188878
2015-11-17,-7428074.142857149,-7.700853523332592,466465.4285714282,9.260925106647498
2015-11-18,-7559515.857142851,-7.805037459860678,474410.1428571427,9.401888151405437
2015-11-19,-7698281.571428582,-7.9667026598567965,455235.8571428573,9.051868712565701
2015-11-20,-7730363.571428567,-8.01401023617772,431245.1428571427,8.611409270895889
2015-11-21,-7594341.571428567,-7.8718966168024735,418544.85714285634,8.383486744665689
2015-11-22,-7782034.142857149,-8.081143312778002,391808.71428571455,7.88244740496037
2015-11-23,-7934491.428571418,-8.258332916933218,376793.4285714291,7.601678035710132
2015-11-24,-8307494.428571433,-8.675158075165903,364011.71428571455,7.35521693973186
2015-11-25,-8544578.714285716,-8.94795329236992,354037.71428571455,7.156411665371697
2015-11-26,-9149577.571428567,-9.668519791086078,376872.4285714291,7.570480524652632
2015-11-27,-8854676,-9.417523780053074,402796.1428571427,8.040414047076622
2015-11-28,-8411216.142857134,-8.956921539552416,426416.2857142864,8.455950269534465
2015-11-29,-8198474.571428582,-8.720446157214951,463915.1428571427,9.123376711855586
2015-11-30,-7835130.857142851,-8.303413158587315,502773.4285714282,9.79855548584677
2015-12-01,-7646267,-8.080267750209412,521489.5714285709,10.097510068252834
2015-12-02,-7148906.428571418,-7.516553426774303,547037.1428571427,10.542229706663447
2015-12-03,-6038264,-6.271228212770833,572878.2857142854,10.996023343065318
2015-12-04,-5974773.571428582,-6.152890341688073,588413.7142857146,11.271485803233917
2015-12-05,-6163396.142857149,-6.337973904700678,603095,11.540907809533559
2015-12-06,-6163620.285714284,-6.342430107271918,610260.8571428573,11.672138568792166
2015-12-07,-6409034.714285716,-6.623320027957663,616355.4285714282,11.799978902470633
2015-12-08,-6350850.285714284,-6.600108463938435,604979.5714285709,11.644310210939324
2015-12-09,-6407896.142857134,-6.662438943771466,582665.8571428573,11.257490275772648
2015-12-10,-6466293.571428567,-6.727133532426258,556948,10.801267027401902
2015-12-11,-6589972.142857149,-6.8592439745316645,524806.7142857146,10.224988337132729
2015-12-12,-6693794.428571433,-6.969990270066015,501041.4285714291,9.796627434422641
2015-12-13,-6574158.857142866,-6.84069626752816,478655,9.393798685725814
2015-12-14,-6266813,-6.50024211749851,455133.1428571427,8.960380967755858
2015-12-15,-6281928.285714284,-6.488783654381153,465521.5714285718,9.146139841239807
2015-12-16,-5838517.857142866,-6.040764383256643,494420.71428571455,9.69861787594932
2015-12-17,-5602127.714285716,-5.810646008565787,520767.8571428573,10.211717408405557
2015-12-18,-5338395.571428567,-5.556658894255185,550832.2857142854,10.79428679872217
2015-12-19,-4948924.428571433,-5.162484309491872,575692.7142857146,11.278025930076703
2015-12-20,-5130805.428571433,-5.379513187972961,591195.5714285718,11.579462685290915
2015-12-21,-5627594.428571433,-5.980191935823457,620226,12.13857492159353
2015-12-22,-5452074.857142866,-5.889745460282992,636777.2857142854,12.462104705263753
2015-12-23,-5626861,-6.217908159630352,637366.1428571427,12.486869940093815
2015-12-24,-6218534.571428567,-7.227152194177901,631516.1428571427,12.420063251499274
2015-12-25,-5948862.571428567,-7.320310342834047,627035.8571428573,12.362519895716884
2015-12-26,-4163621.571428567,-5.187370809858911,621573,12.230720676035844
2015-12-27,-4486150,-5.638348132350203,624474.5714285718,12.269077796502351
2015-12-28,-5427303,-6.927225157541949,625866.1428571437,12.254249675474053
2015-12-29,-5627291.428571433,-7.272928194883605,624713.2857142864,12.198892194872396
2015-12-30,-5537653.2857142985,-7.196907522130245,625916.8571428573,12.179396034643561
2015-12-31,-5074928.142857134,-6.591825114119318,660599.7142857136,12.829850943713868
2016-01-01,-5008840,-6.507304398092597,686478.7142857146,13.282363556210413
2016-01-02,-5021139.571428567,-6.472147021202322,713819.5714285709,13.770665318538416
2016-01-03,-4603795.857142866,-5.882872137789543,738847.8571428573,14.206643221931378
2016-01-04,-3866591,-4.855489481415467,757390,14.535527452531149
2016-01-05,-3760953.8571428657,-4.646957875222202,746266.1428571427,14.389267154190243
2016-01-06,-3996765.8571428508,-4.870617952327471,736802.1428571427,14.247816196191657
2016-01-07,-4208422.7142857015,-4.902480443545759,694167.7142857136,13.390200102333939
2016-01-08,-4796869.571428567,-5.304890550729024,666305,12.840757874613242
2016-01-09,-6714605.571428567,-7.380104815169348,635859,12.287188436417464
2016-01-10,-6989715,-7.655926637891633,598548.2857142854,11.606374988386245
2016-01-11,-6561231.714285716,-7.128871100327458,564402,10.98724379619775
2016-01-12,-6598377.428571418,-7.091476630615992,567996,11.01724252161297
2016-01-13,-6604582,-6.999189812375188,561614.7142857146,10.870264776033402
2016-01-14,-6647977.571428567,-7.004100269156965,539925.2857142864,10.421279226358356
2016-01-15,-6658985.142857134,-6.990466775967009,527237.2857142854,10.155476157685467
2016-01-16,-6843584,-7.17999823222938,522442.1428571427,10.045190647244782
2016-01-17,-6706417.285714284,-7.033810465316223,520352.1428571427,9.98402403753974
2016-01-18,-7645658.571428567,-8.09703239648538,509689.28571428545,9.765552829934897
2016-01-19,-8132991.142857149,-8.679296319129312,503171.4285714282,9.621392653836423
2016-01-20,-8751015.142857134,-9.399953559641785,504797.8571428573,9.629713121572676
2016-01-21,-9148724.142857134,-9.87626832343555,507046.71428571455,9.692047917177193
2016-01-22,-9596090,-10.407583692723067,500674.4285714291,9.57941359263277
2016-01-23,-9895752.285714284,-10.766361010794313,487183.5714285709,9.330172319900102
2016-01-24,-10244606.857142866,-11.18092986996789,471953.8571428573,9.04803577215706
2016-01-25,-9728763.714285716,-10.561207913799905,463436.4285714282,8.89076707574555
2016-01-26,-9756088.14285715,-10.577694532940598,452691.4285714291,8.686874396613488
2016-01-27,-9454127.142857134,-10.213048663536267,441731.5714285718,8.477036833394672
2016-01-28,-9300920.571428567,-10.017891629942902,469527.7142857136,8.981675321204024
2016-01-29,-9169230.428571433,-9.85313050189207,498060.8571428573,9.496594364266532
2016-01-30,-9139463.428571433,-9.808830898664796,527352.4285714282,10.024483420838902
2016-01-31,-9007804.571428567,-9.645363276941678,560752.2857142854,10.621104737046162
2016-02-01,-8864875,-9.467996132743174,593637.1428571437,11.19568055682634
2016-02-02,-8549400,-9.094399742590214,631051.2857142854,11.854957990243113
2016-02-03,-8412565.571428567,-8.939751381982942,667932.4285714291,12.504628531233358
2016-02-04,-8439616.285714284,-8.969249807762306,681205.8571428573,12.715945411505594
2016-02-05,-8373209.428571433,-8.905967522878667,692514.4285714291,12.90227888489904
2016-02-06,-8365877.714285716,-8.91420350097925,701596.7142857146,13.048511933418485
2016-02-07,-8417272,-8.997614552440316,708585.4285714282,13.16167592056607
2016-02-08,-9338219.428571418,-10.09490000743547,712254.2857142854,13.224082982368646
2016-02-09,-10124022.14285715,-11.038615238684672,715986.8571428573,13.283662690020229
2016-02-10,-10306353.714285716,-11.274555578662572,720443.5714285718,13.351159040735894
2016-02-11,-10172487.285714284,-11.150236538688157,717158.7142857136,13.291366550759854
2016-02-12,-10079523.428571418,-11.05526844995668,715404,13.254706508803196
2016-02-13,-10702007.714285716,-11.84927535843103,641381.5714285718,12.034988839209431
2016-02-14,-10114217.428571433,-11.166198958275876,641216.8571428573,12.02551998812376
2016-02-15,-8840981,-9.660565550675463,642433.4285714282,12.040771022278893
2016-02-16,-6749879.857142851,-7.305255893993472,658570.4285714282,12.34603189362492
2016-02-17,-5257285,-5.661828998959127,673607.4285714291,12.632713426659144
2016-02-18,-3864483.7142857164,-4.140378719756202,705610.7142857146,13.20078247764919
2016-02-19,-2423717.1428571343,-2.5845691004955054,731412.5714285709,13.659851478948712
2016-02-20,-349274.14285713434,-0.36685555927473995,827871.8571428573,15.227323876269095
2016-02-21,-59773.42857141793,-0.06266593514322466,848280.2857142864,15.569816179025201
2016-02-22,328819.85714285076,0.34376763409068156,866361.7142857146,15.871825939449066
2016-02-23,140610.14285713434,0.14678747524936203,855430.4285714291,15.66224171808456
2016-02-24,-230790.57142856717,-0.24034853210613458,833698.1428571427,15.275192528474937
2016-02-25,-684447.7142857164,-0.7113742848162001,813484.5714285718,14.91859289889281
2016-02-26,-1292603.1428571492,-1.3414553337653043,789133.7142857136,14.485970120321213
2016-02-27,-1916753,-1.9916529088491082,763887.4285714291,14.034959338027644
2016-02-28,-1964346.4285714328,-2.037125915259611,740993.8571428573,13.62685172506812
2016-02-29,-1714397,-1.7686470964381307,717972.2857142854,13.216964852745727
2016-03-01,-1942550.4285714328,-1.996611544135718,710863.1428571427,13.077978840660625
2016-03-02,-1969604.7142857164,-2.020802857460465,713504.5714285709,13.099888151356248
2016-03-03,-1986976.2857142985,-2.0360550077339234,650423.7142857146,12.046900975745412
2016-03-04,-1884800.1428571492,-1.9294388574624937,598006.2857142854,11.16303911265385
2016-03-05,-1594731.1428571492,-1.630691210662323,556410.4285714291,10.466151523537096
2016-03-06,-1488230.5714285672,-1.5225867184215236,509178,9.65223062711121
2016-03-07,-1648627.571428582,-1.6942040168456038,466208.8571428573,8.910149238205452
2016-03-08,-1858144.4285714328,-1.917755759565853,421625.4285714282,8.113832246188815
2016-03-09,-2587351.2857142836,-2.6884697846551364,375536.71428571455,7.281811605194818
2016-03-10,-3232707.2857142836,-3.3788913616180425,562739,10.875382343732188
2016-03-11,-3902916.8571428508,-4.100350465940362,755060.2857142854,14.518001818821668
2016-03-12,-4696377.571428567,-4.957820935027459,955227.1428571427,18.222020221333043
2016-03-13,-5360941,-5.690055431911908,1182778.8571428568,22.271336579263725
2016-03-14,-5919526.142857134,-6.300771649639507,1425874.8571428573,26.404190248755548
2016-03-15,-6495583.428571433,-6.930801663566758,1676332.571428571,30.502108535134674
2016-03-16,-6528715,-6.969986880759986,1935857.2857142854,34.544112325994014
2016-03-17,-6772375,-7.250103046806385,2024806.7142857146,35.44736152044808
2016-03-18,-7036201.571428567,-7.555577123892079,2109382.428571428,36.27401062351096
2016-03-19,-7304014.285714284,-7.867117324038572,2189413.142857143,37.01649042408334
2016-03-20,-7260412.428571433,-7.829973106325126,2249211.2857142854,37.55620676868012
2016-03-21,-7668818.714285716,-8.303370727252675,2284443.2857142854,37.78630485305733
2016-03-22,-7941108.571428567,-8.62913416721356,2325447.1428571423,38.16136907026279
2016-03-23,-8404408.428571418,-9.178898440302774,2349839.1428571427,38.354162234942066
2016-03-24,-9406039.428571433,-10.385311256010013,2368878.1428571427,38.47720579904036
2016-03-25,-11539142.428571418,-13.033174087562802,2382157.7142857146,38.52014540218905
2016-03-26,-12076442.571428567,-13.713469944242146,2377780.4285714286,38.40966931219251
2016-03-27,-13086050,-15.023180829349098,2376182.7142857146,38.359961460335754
2016-03-28,-14415402.285714284,-16.859683055358406,2406199.428571428,38.67791109653812
2016-03-29,-14253803.714285716,-16.661150027563217,2421801.7142857146,38.74442163433987
2016-03-30,-13726466.571428567,-15.982702779653698,2488449.9999999995,39.6139971131767
2016-03-31,-12256895.142857134,-14.1018170519048,2510757.4285714286,39.74112791455463
2016-04-01,-9004235.857142866,-10.121217822630966,2558092.5714285714,40.29923155841815
2016-04-02,-6171079,-6.898108021717618,2604058.7142857146,40.79625520843836
2016-04-03,-4640950.571428567,-5.135068511596018,2637931.0000000005,41.11415597461357
2016-04-04,-1860776.7142857164,-2.0191082708849026,2661546.857142857,41.373633295647174
2016-04-05,193234.7142857164,0.20910477301084676,2680354,41.529380867864916
2016-04-06,325266.14285713434,0.3512200334152274,2650556.714285714,40.94007395953459
2016-04-07,175778.2857142836,0.1893833099921535,2661301.2857142854,41.003464617313945
2016-04-08,-589443.4285714179,-0.6341663390581678,2648584.285714286,40.72174125847493
2016-04-09,-2372428.7142857015,-2.548551209725828,2641237.1428571427,40.52562009788578
2016-04-10,-2553302.1428571492,-2.735608514688888,2639254.2857142854,40.40313868002872
2016-04-11,-3203752.571428582,-3.4247204362159147,2629030.5714285714,40.189877108153254
2016-04-12,-4875611.285714284,-5.206006462347914,2624057.9999999995,40.056600504953224
2016-04-13,-4944008.428571433,-5.2796301018860285,2606805.9999999995,39.79546977872997
2016-04-14,-5157987.714285716,-5.518413831989642,2587802,39.535257132512065
2016-04-15,-4902418.142857149,-5.247305032103607,2567577.714285714,39.244110455578834
2016-04-16,-4949381.2857142985,-5.303877111198953,2544766.0000000005,38.92255689497784
2016-04-17,-4831334.142857149,-5.183945032357853,2525665.285714286,38.63662051686311
2016-04-18,-4631520,-4.966455723560179,2508598,38.36042549737172
2016-04-19,-4394412.714285716,-4.71475547511711,2481495.4285714286,38.00730591453234
2016-04-20,-3749853.2857142836,-4.022658392647464,2473020.8571428577,37.85864012238007
2016-04-21,-3678644.428571433,-3.9561626181389893,2468353.571428571,37.742874333357875
2016-04-22,-3802717,-4.091615344667752,2466114.285714286,37.652119005892274
2016-04-23,-3675139.428571433,-3.950497866081141,2469031.8571428577,37.62121818906161
2016-04-24,-3676890.7142857164,-3.9479559968873397,2471857.5714285714,37.58371976846625
2016-04-25,-3751745.8571428657,-4.02557062266964,2473859.1428571427,37.52914075717955
2016-04-26,-1709572.7380952388,-1.8290090710888927,2492600.7142857146,37.68864079267906
2016-04-27,457990.05714285374,0.4890912689232164,2515491.2,37.89909749963012
2016-04-28,901330.6857142895,0.9579671574348694,2519526,37.87449248778957
2016-04-29,1287388.8857142776,1.3694418962310924,2533058.4571428574,38.03661298288716
2016-04-30,4881100.114285722,5.2079278049045445,2536393.228571428,38.08784021410319
2016-05-01,4879996.828571439,5.236415748043142,2538803.5428571426,38.15985072080309
2016-05-02,3856392.200000003,4.194380588884224,2536425.257142857,38.140483689846896
2016-05-03,-535381.4047618955,-0.5914985298661748,2490463.2857142854,37.64731387471084
2016-05-04,-3986762.2857142836,-4.453587968235725,2444042.285714286,37.142585330183145
2016-05-05,-6050666.857142851,-6.907997889357271,2407069.8571428573,36.78039779785042
2016-05-06,-7655509,-8.848387541881928,2362726.8571428573,36.28389275767789
2016-05-07,-10847471.571428582,-12.615700834052667,2320711.0000000005,35.825501662486474
2016-05-08,-11460174.285714284,-13.379448175237135,2286227.0000000005,35.44202403869844
2016-05-09,-11112504.428571433,-12.93164139337438,2258222.9999999995,35.15751127015463
2016-05-10,-10751057.714285716,-12.407353554990324,2255720.0000000005,35.09886473798709
2016-05-11,-10504341.85714285,-12.063431655381239,2244759.8571428577,34.92822776129788
2016-05-12,-8984689.714285716,-10.150957053967899,2247771.714285714,34.9088482794919
2016-05-13,-7211486.142857149,-8.07131438594617,2256927.1428571427,34.97343657504543
2016-05-14,-6905431.571428582,-7.703931527891792,2267578.1428571427,35.038694100060304
2016-05-15,-6607080.571428567,-7.357934107063216,2270412.428571428,35.030492262257404
2016-05-16,-6932040.285714284,-7.736105964126465,2275112.8571428573,35.01945148823967
2016-05-17,-6897099.571428582,-7.68508047061972,2283660.428571429,35.08890272683818
2016-05-18,-6745428.428571433,-7.509449377413552,2294427.428571428,35.201044727025085
2016-05-19,-6842002.285714284,-7.611641461852393,2300646.1428571427,35.24833124686069
2016-05-20,-7775108.142857149,-8.649373014677675,2298092.7142857146,35.177400129822686
2016-05-21,-8011716.142857134,-8.925997426543312,2295304.2857142854,35.13040661318267
2016-05-22,-7845022.857142851,-8.733307083181064,2303673,35.20077450950238
2016-05-23,-6484416.142857149,-7.156165286271627,2315693.2857142854,35.33496499081936
2016-05-24,-4996777.142857134,-5.5168575543137806,2313561.571428571,35.25587558704711
2016-05-25,-5246998,-5.808860073602962,2300181.8571428573,35.0734151614917
2016-05-26,-5928896.571428567,-6.630438298388995,2283010.428571429,34.85726113827927
2016-05-27,-6378249.142857134,-7.182237059963412,2207019.8571428563,34.07209125618847
2016-05-28,-6548984.285714284,-7.393399838406335,2122956.8571428573,33.18584266442199
2016-05-29,-6803862.285714284,-7.695284579025222,2031601.8571428573,32.1898790071623
2016-05-30,-8034828.142857149,-9.176585071285528,1955093.428571429,31.339240003529255
2016-05-31,-9128011.571428567,-10.428406034585935,1904251.5714285718,30.771253870281722
2016-06-01,-8352867.285714284,-9.528144235584923,1866754,30.35410644087799
2016-06-02,-7328415,-8.296587869691333,1810689.8571428573,29.73430753388138
2016-06-03,-5853584.428571433,-6.593099998515495,1829720.7142857146,29.963179901009095
2016-06-04,-5242292.857142866,-5.895132997776777,1837233.2857142864,30.022115358712316
2016-06-05,-4803943.285714284,-5.395463850284718,1846339.5714285718,30.117512664296335
2016-06-06,-4053300.571428582,-4.525599484497313,1828827,29.902256410258804
2016-06-07,-4804296.714285716,-5.392766573518854,1763595.7142857136,29.11345594555676
2016-06-08,-5530651.142857134,-6.232578554757785,1733894.7142857146,28.71428783674267
2016-06-09,-6083977.857142866,-6.882138767340446,1734663.5714285718,28.664223703718605
2016-06-10,-7264362.428571433,-8.257854029013236,1701480.5714285718,28.20041219171452
2016-06-11,-7139666.285714284,-8.121653508658829,1689012.8571428573,28.049059360140422
2016-06-12,-7067638.428571418,-8.038029963349596,1688828.4285714282,28.04211607479606
2016-06-13,-7294738,-8.316563681521439,1689041.2857142864,28.02080432839391
2016-06-14,-6960481.857142866,-7.9202081203373815,1714715,28.313203007420896
2016-06-15,-6630947.285714284,-7.541452644476468,1708917.5714285718,28.24844443050676
2016-06-16,-6291517.714285716,-7.152410328941092,1700438.2857142864,28.17110572248144
2016-06-17,-6001548.857142866,-6.811292271713132,1731968.5714285718,28.56604364590856
2016-06-18,-6315455.285714284,-7.175218969526312,1746138.1428571427,28.721233837271765
2016-06-19,-6639829.428571418,-7.569383035496123,1749427,28.750214875533242
2016-06-20,-6603292,-7.535506395916156,1754351.4285714282,28.79604201504058
2016-06-21,-6657194,-7.6213516420213345,1762082,28.880411649638887
2016-06-22,-6864533,-7.883625104647251,1766879.1428571427,28.91719679698337
2016-06-23,-6889689.571428582,-7.930532384922376,1785989.428571429,29.096510078479128
2016-06-24,-7003282.142857134,-8.096201900191089,1777823.8571428573,29.00652865391734
2016-06-25,-6840081.714285716,-7.9150227128352135,1784144.428571429,29.065960401765743
2016-06-26,-6780641.142857149,-7.850662990058907,1795729.428571429,29.200078154267718
2016-06-27,-6692264.714285716,-7.7552341940158875,1816016.7142857146,29.445289166547322
2016-06-28,-6368923.142857149,-7.3847564030696295,1821929.2857142854,29.518121228505134
2016-06-29,-6060243.428571418,-7.027346060576097,1830301.4285714282,29.622412052398662
2016-06-30,-5821516,-6.754356567073172,1809426.2857142864,29.386379783221706
2016-07-01,-5720246,-6.647268985886287,1785364,29.05727517439646
2016-07-02,-5321237,-6.200044350638696,1764161.571428571,28.76908593343604
2016-07-03,-5162416,-6.038734193474075,1745512.8571428573,28.535463199542544
2016-07-04,-6160894.285714284,-7.321186790463294,1708185.428571429,28.03685081020189
2016-07-05,-6850130.142857134,-8.229217447403276,1705849.5714285718,28.049226481772564
2016-07-06,-7754662.142857149,-9.444014055344201,1703235.7142857146,28.048678295153028
2016-07-07,-8345472.142857134,-10.2731634097997,1709584.7142857146,28.162933885137736
2016-07-08,-8398491.571428567,-10.378852735531618,1718892.8571428563,28.306636086160005
2016-07-09,-8782395.714285702,-10.878534494238925,1739277,28.59298153041489
2016-07-10,-8883594.714285716,-11.018262307735284,1772131.571428571,29.010275128372736
2016-07-11,-8040293.571428567,-9.876808423788683,1800003.571428571,29.37542879881125
2016-07-12,-7275796.142857149,-8.889426321069356,1815055.8571428563,29.49128255927152
2016-07-13,-6144255,-7.448886192320492,1824227.571428571,29.543340941969355
2016-07-14,-5556578.285714284,-6.7058727219928365,1866292.428571429,29.981598928707903
2016-07-15,-4857949.142857134,-5.848896402089707,1919782.428571429,30.56051563252019
2016-07-16,-4117423.1428571343,-4.952652309990904,1934599.428571429,30.70615051936224
2016-07-17,-3700089.2857142836,-4.45159194737311,1921001.4285714282,30.5290983728913
2016-07-18,-3560032,-4.292889585345202,1920754.7142857146,30.50047676833596
2016-07-19,-3367507.7142857164,-4.075426790647925,1908705,30.3304036955283
2016-07-20,-3312734.7142857164,-4.020348507263203,1913920.2857142864,30.35697854047457
2016-07-21,-2997049.8571428508,-3.6332664600481483,1917650.2857142864,30.335806026599734
2016-07-22,-3181330.1428571492,-3.85693116546613,1929585.2857142854,30.38263193940504
2016-07-23,-3537730.428571433,-4.288202662843958,1909452.7142857146,30.060114746503853
2016-07-24,-3969483,-4.810077658994412,1902796.8571428573,29.879220416570806
2016-07-25,-4399808.285714284,-5.347134936254901,1882205.7142857146,29.582975037652766
2016-07-26,-5047264.714285716,-6.148896431136497,1839870,29.027070512231916
2016-07-27,-5540795,-6.765940226582622,1783770,28.32721645491717
2016-07-28,-6142283.571428567,-7.527960537057031,1726773.5714285718,27.63687666686978
2016-07-29,-6586905.142857149,-8.099869375713958,1657237.5714285718,26.794712356493072
2016-07-30,-6982451.571428582,-8.612548382276533,1620812.4285714282,26.33385857051248
2016-07-31,-7032612.285714284,-8.679764299890754,1591823.428571429,25.988815732944914
2016-08-01,-7003987.428571433,-8.644636793737748,1579536.5714285718,25.831272766691534
2016-08-02,-6759639.285714284,-8.337832205652713,1588463.7142857146,25.94766323464549
2016-08-03,-6635005.857142851,-8.178331807484579,1559411.5714285718,25.579253621298825
2016-08-04,-6330901.142857134,-7.813398909949204,1482925.1428571427,24.61426730219466
2016-08-05,-6025995.857142851,-7.442896791256147,1429035,23.966741982479
2016-08-06,-5686714.571428582,-7.019317127318447,1405260.2857142864,23.689547212963575
2016-08-07,-5757086.857142851,-7.12493780050015,1380579.2857142854,23.383989564179743
2016-08-08,-5783685.571428567,-7.166605298712201,1368908.1428571427,23.24322387756172
2016-08-09,-5681678.142857149,-7.043976245673727,1386190,23.477775821699044
2016-08-10,-5541359.714285716,-6.882083806327972,1419046.5714285718,23.916359965206972
2016-08-11,-5721739,-7.123419000690862,1473141.8571428573,24.619563383970835
2016-08-12,-5479855.857142866,-6.846181821535242,1506534.1428571437,25.011538417023115
2016-08-13,-5328340.571428567,-6.677120817551583,1522340.4285714282,25.161340470403342
2016-08-14,-5147644.571428582,-6.469113104233195,1532382.8571428573,25.235566822513743
2016-08-15,-6233490.571428567,-7.950719614417142,1527556.571428571,25.11517202263351
2016-08-16,-6104951.857142866,-7.808472673887769,1504876.1428571427,24.7898974465669
2016-08-17,-6214738.714285716,-7.9654356710351415,1544248.2857142854,25.23536340294307
2016-08-18,-6084077,-7.790872355957679,1557760.7142857136,25.35168485800433
2016-08-19,-6238371,-7.966313724097315,1590044.8571428573,25.804472899506774
2016-08-20,-6192546,-7.874223366381859,1636858.7142857146,26.460307717518454
2016-08-21,-6009582.142857149,-7.590371509924153,1681021.2857142854,27.059860058579353
2016-08-22,-4717617,-5.845893617691742,1712832.2857142854,27.49934673768955
2016-08-23,-9932555.714285716,-13.040241354228286,1734552.7142857146,27.809938025908277
2016-08-24,-12464184.571428582,-16.8139853532561,1745487.7142857146,27.997577872241518
2016-08-25,-14280123.571428582,-19.630567194722406,1648701.4285714282,26.92219208864419
2016-08-26,-15989702.285714284,-22.315152339338105,1538340.7142857146,25.49638874844436
2016-08-27,-17491696,-24.753024480110184,1432704.8571428573,24.100742487507137
2016-08-28,-18551817.857142866,-26.581351570484337,1326997.571428571,22.687453319545135
2016-08-29,-19558119.14285715,-28.353317914330255,1233415.428571429,21.39789045382699
2016-08-30,-15284146.857142866,-20.7856154727266,1160006.8571428573,20.339692397035364
2016-08-31,-13471507.857142866,-17.769556867452852,1044543.1428571427,18.648361192627636
2016-09-01,-12359536.428571433,-15.961684314493812,1058844.8571428573,18.813941840943237
2016-09-02,-11510002.428571433,-14.628757022194531,1079151.428571429,19.081003140535405
2016-09-03,-11024292.285714284,-13.855659086970315,1086928.5714285718,19.15651173479543
2016-09-04,-10546929.428571433,-13.125581952799106,1100342.2857142864,19.303875676600278
2016-09-05,-10552988.285714284,-13.088593948965372,1115079.5714285718,19.49221374717574
2016-09-06,-9285895.857142866,-11.415281696352725,1128000.7142857146,19.6734317050805
2016-09-07,-9177240.571428567,-11.230985609718623,1156454.1428571427,20.06494404111232
2016-09-08,-9035777,-10.986566883045239,1168872.8571428573,20.212888608989793
2016-09-09,-8903276,-10.754411347076468,1186420.2857142854,20.421343076238504
2016-09-10,-8957450.714285716,-10.776868076182952,1204349.1428571427,20.62016717354222
2016-09-11,-9026704.285714298,-10.834277239227031,1204875.2857142864,20.564472869836514
2016-09-12,-8814953.571428567,-10.518969550689864,1195252,20.34695615103621
2016-09-13,-9486274.857142866,-11.312208217426829,1183608,20.122903545439183
2016-09-14,-8890923.428571433,-10.568298689274988,1149320,19.529386176568543
2016-09-15,-10175445.428571433,-12.352729308369845,1204707.5714285718,20.401221912510184
2016-09-16,-11416438,-14.151463365378337,1228155.7142857136,20.83481114666479
2016-09-17,-11940195,-14.958656928693511,1283516.2857142854,21.715109069757506
2016-09-18,-12269995.571428567,-15.487296445389198,1351015.5714285718,22.74009860100833
2016-09-19,-12620247.714285702,-16.066164016929175,1410659,23.664967898740738
2016-09-20,-13731495,-17.693964559900444,1476442.4285714282,24.66379223425967
2016-09-21,-14668044.571428582,-19.076172935828602,1597261.1428571427,26.404851331386098
2016-09-22,-13890101.571428567,-17.850746248817853,1611346.1428571427,26.53207832378502
2016-09-23,-12740899.571428582,-16.19282538759308,1658260.7142857146,27.104258377152902
2016-09-24,-12381810.85714285,-15.67145489356618,1675023.8571428573,27.286308139691158
2016-09-25,-12253973,-15.47637811503098,1682647.4285714282,27.357558520883707
2016-09-26,-11688667.142857134,-14.654457369606611,1697746.2857142854,27.50995926709238
2016-09-27,-11473661,-14.301697501282264,1696356.1428571427,27.43872451691514
2016-09-28,-11612351.714285702,-14.443958452726088,1660485.4285714282,26.971189894134678
2016-09-29,-11631314,-14.397389250528864,1658516.7142857146,26.901998094228325
2016-09-30,-11896705.714285716,-14.668985792651542,1635492.2857142864,26.539606988954556
2016-10-01,-11785272.428571433,-14.51241106850282,1625883.1428571427,26.364786770754904
2016-10-02,-11911769.714285716,-14.666837628289711,1621151,26.236700599341905
2016-10-03,-12530156.14285715,-15.504864846602892,1617029.1428571427,26.117823989528503
2016-10-04,-12519122.571428567,-15.483338657473311,1616298.571428571,26.073136432558226
2016-10-05,-12438988.85714285,-15.372397433816989,1613648,26.0023092269794
2016-10-06,-12415262.285714284,-15.333322648488934,1614464,25.969085677994723
2016-10-07,-12706053.428571433,-15.680354170361142,1612592.7142857136,25.89095249992677
2016-10-08,-12879337.714285702,-15.829856976981233,1603368.5714285718,25.72158459507271
2016-10-09,-12759227.857142866,-15.608710960936559,1598075.7142857146,25.62793072923954
2016-10-10,-12339101,-15.019037686855166,1599672.1428571427,25.632568622721084
2016-10-11,-11744167.571428582,-14.291799171008563,1597388.7142857136,25.57455733263747
2016-10-12,-12244345.857142866,-14.944086941094014,1591920.1428571427,25.452228551007817
2016-10-13,-11883992.714285716,-14.431012863102687,1615069,25.669598226759515
2016-10-14,-11661149.85714285,-14.099307588097416,1620960.428571429,25.684994811490814
2016-10-15,-11729374.857142866,-14.166682569303385,1622390.1428571427,25.638672495304014
2016-10-16,-11754195.714285702,-14.18437382284245,1620875.1428571427,25.556586702347882
2016-10-17,-11433466.714285702,-13.705476424781473,1652352.8571428573,25.85936181974544
2016-10-18,-11890897,-14.164666851840016,1568624,24.801076845639138
2016-10-19,-11215396.714285716,-13.244215609768837,1484446.8571428573,23.7251762048113
2016-10-20,-11060019.571428582,-13.013062573810815,1488335.8571428573,23.732439856134963
2016-10-21,-10598846,-12.431094164169526,1516356.8571428573,24.048331480025155
2016-10-22,-10263193.428571433,-12.002659357331183,1538136.428571429,24.263591183348883
2016-10-23,-9864302.285714298,-11.50143777224925,1561589.2857142854,24.472357622868643
2016-10-24,-9788559.571428582,-11.37509086325516,1542807.2857142854,24.13288793010693
2016-10-25,-9518140,-11.021157192474734,1658414.571428571,25.41015285685395
2016-10-26,-9345347.285714284,-10.78776736157579,1773997.5714285718,26.643710304588154
2016-10-27,-9578468.428571433,-11.06598235964419,1780516,26.685748084391165
2016-10-28,-9926498.285714284,-11.483974950635945,1786751.571428571,26.729990795688646
2016-10-29,-10150458.142857134,-11.76192814383526,1800361.2857142864,26.875004105079466
2016-10-30,-10373772.714285716,-12.03039905143681,1825060.2857142854,27.166246835316528
2016-10-31,-10999956.428571433,-12.882439742985948,1849944.4285714282,27.498739532460238
2016-11-01,-11757994.428571418,-13.95572208411371,1868442.2857142864,27.71866173867702
2016-11-02,-11978743,-14.240899294288035,1924984.2857142864,28.484055415141118
2016-11-03,-9869157.857142866,-11.695041598871674,2015580.7142857136,29.71494737525807
2016-11-04,-9744389.571428567,-11.503559278998516,2038367.2857142854,29.949247208947018
2016-11-05,-9423511,-11.049032175624514,2068092,30.247252769638994
2016-11-06,-9016675.571428567,-10.498639914878892,2086828.5714285718,30.39785970167697
2016-11-07,-7738150.571428567,-8.859865239272867,2102429.1428571427,30.507842567717773
2016-11-08,-5896249,-6.629704093392792,2167712.571428572,31.36885467185132
2016-11-09,-4917093.428571433,-5.479583570832769,2158476.571428572,31.12537021969215
2016-11-10,-5805532.285714284,-6.446977754273983,2089920.571428571,30.073057695370213
2016-11-11,-5760054.142857134,-6.404905510414845,2089894.8571428573,29.995093515382436
2016-11-12,-5656452.285714284,-6.289612408958201,2068226.8571428573,29.65455799205195
2016-11-13,-5579928.857142851,-6.2062301369800865,2055779.5714285718,29.443896324765483
2016-11-14,-5715115.142857149,-6.362954319225072,2046306.428571429,29.261095167316764
2016-11-15,-6990709,-7.8345544560759635,1989000.571428571,28.400550329603757
2016-11-16,-7689010.571428567,-8.661839748318624,1973638.2857142864,28.152367965944276
2016-11-17,-8485646.714285716,-9.602550906599248,1975742,28.13787994404404
2016-11-18,-8074122.428571418,-9.117472103991965,2007365.7142857146,28.527666449894006
2016-11-19,-8058192.2857142985,-9.115352300622156,2055243.2857142854,29.098408451871627
2016-11-20,-8380010.571428567,-9.51256825007754,2093441.7142857146,29.543627805689553
2016-11-21,-8529432.142857134,-9.718019223258079,2141202.428571428,30.107528976836704
2016-11-22,-8049540,-9.144183906807694,2176351,30.51074178612944
2016-11-23,-7965436.714285716,-9.072618952508819,2195681.1428571427,30.731569762486167
2016-11-24,-8453857.714285716,-9.712820618706488,2208505.571428572,30.863819417714527
2016-11-25,-8106752.857142866,-9.369162390499074,2189250,30.544405253954608
2016-11-26,-7600803.857142866,-8.794926612520884,2160050.1428571427,30.1275063306643
2016-11-27,-7421615.142857149,-8.581307688940699,2133274.1428571427,29.72761174003565
2016-11-28,-7438921.428571418,-8.592412197644782,2101054.8571428573,29.23832813931021
2016-11-29,-7598787.428571433,-8.758240403041881,2064103,28.687220328201718
2016-11-30,-7492391.142857134,-8.598454110334966,2047950.2857142864,28.39451090040159
2016-12-01,-7041673.285714284,-7.99579901790376,1995406.7142857146,27.77410260460028
2016-12-02,-7618241.857142851,-8.591974818924184,1936332.571428571,27.095973458662932
2016-12-03,-8313831.857142851,-9.363338402345486,1891037.2857142854,26.591589344763168
2016-12-04,-8432409.428571433,-9.494553993853794,1847821.8571428573,26.123024202823075
2016-12-05,-8323341.714285716,-9.36707827305628,1803953.5714285718,25.652366025455454
2016-12-06,-8134212.857142851,-9.17767075592995,1767310.5714285718,25.280986209028743
2016-12-07,-7667092.857142851,-8.65787103505132,1753622.7142857146,25.235184527532535
2016-12-08,-8131924.714285716,-9.2358371914249,1777306.7142857146,25.561310269486913
2016-12-09,-8224428.857142851,-9.356772331901485,1807754.1428571427,25.958280256514833
2016-12-10,-8228427,-9.366888458476062,1845814.571428571,26.450381176982507
2016-12-11,-8233536.857142851,-9.377196638076626,1881886.8571428573,26.898259618400726
2016-12-12,-8701196.571428567,-9.955322928329664,1916845.2857142854,27.33554470524968
2016-12-13,-8927413.142857134,-10.204915088303618,1951154.7142857146,27.75251998177424
2016-12-14,-9345177.285714284,-10.684240470178016,1966029.2857142854,27.863842875696875
2016-12-15,-9002085.142857134,-10.27050409191061,1983390.8571428573,28.009097521405963
2016-12-16,-9047291.142857134,-10.355839164886364,1997169.1428571427,28.14151719752182
2016-12-17,-8993177.571428567,-10.327624053768437,2009843.2857142864,28.256544521124898
2016-12-18,-9104003.285714284,-10.49341168747137,2021165.7142857146,28.364380330603282
2016-12-19,-8868223.714285702,-10.251269998521682,2046228.7142857136,28.611454848312512
2016-12-20,-8292819.571428567,-9.664041726794311,2053582.8571428573,28.668799094920583
2016-12-21,-7655170.285714284,-9.015228555110742,2059245.1428571427,28.724484796835974
2016-12-22,-6538542,-7.7880677440796475,2069366.1428571427,28.846740010942412
2016-12-23,-3516654.2857142836,-4.2611961545958055,2096799.2857142854,29.197458903561994
2016-12-24,-12511.571428567171,-0.015398353511780207,2102283.571428571,29.302753063759674
2016-12-25,-744461.2857142836,-0.9361923317683868,2078060.8571428563,29.022691963992397
2016-12-26,-3399567,-4.463400528452531,2070321.7142857146,28.914515836128334
2016-12-27,-3773440.2857142836,-5.059995064537434,2073427.2857142854,28.87473339496887
2016-12-28,-4015788.571428567,-5.474283915030343,2076183.571428571,28.846903712916504
2016-12-29,-4535863.285714284,-6.264222672317755,2077422.2857142864,28.78684728095805
2016-12-30,-4968884.714285716,-6.899376957900836,2085750.428571429,28.82990051190946
2016-12-31,-4892283.714285716,-6.78726927280988,2079875.2857142854,28.69496877658287
2017-01-01,-5002984.285714284,-6.89327496666373,2081350,28.64910290412781
2017-01-02,-4718019,-6.4156166054767345,2084177.2857142854,28.609559733622707
2017-01-03,-5079420.571428567,-6.813078411742525,2091859.428571429,28.64590880313072
2017-01-04,-5202186.571428567,-6.869251577419864,2143562.8571428573,29.244364882649332
2017-01-05,-5092144,-6.616047477273172,2179434.571428571,29.649071285627876
2017-01-06,-7855021.142857149,-10.072127965582508,2194972.7142857146,29.745724040154155
2017-01-07,-10937936.14285715,-13.76090295659362,2241398.428571428,30.16531313784922
2017-01-08,-10055065.571428582,-12.424788660330437,2307472.8571428563,30.8384732507058
2017-01-09,-7630954.857142866,-9.12061181078324,2350918.8571428573,31.312253017673413
2017-01-10,-7414256,-8.761493139374773,2334231.1428571427,31.24340890157385
2017-01-11,-7715371.714285716,-9.041674968769431,2277136,30.636913559610107
2017-01-12,-8291510.571428567,-9.633384993426246,2241677.7142857146,30.259409051791337
2017-01-13,-7769902.714285716,-8.916000306147714,2202449.2857142854,29.82959060979433
2017-01-14,-8205109.142857149,-9.425420070172152,2161141.428571428,29.392102033094304
2017-01-15,-8238076.142857134,-9.460735451213658,2125273.8571428573,29.00925688465245
2017-01-16,-8405353,-9.667983591142631,2085145.1428571427,28.575402811228447
2017-01-17,-7239962,-8.30409152913414,2106058.1428571427,28.750410635681096
2017-01-18,-6315247.714285716,-7.226477343274822,2121951.571428572,28.863544198830564
2017-01-19,-5795457.428571433,-6.638484687472361,2127491.1428571427,28.868564103143658
2017-01-20,-5506090,-6.3195906760038225,2150869.7142857136,29.134926469378797
2017-01-21,-5091971.428571433,-5.845390182410394,2166894.8571428563,29.30825944082251
2017-01-22,-4788443.571428567,-5.496050277373973,2182051.8571428573,29.472672820778804
2017-01-23,-4460282.857142851,-5.117031814152005,2197297.8571428573,29.639583804809703
2017-01-26,-10306763.742857143,-12.529140696942992,2215499.8285714285,29.832678566085676
2017-01-27,-11089457.485714287,-13.56448216835081,2223744.771428572,29.84346235368814
2017-01-28,-11708610.599999994,-14.392804187577207,2211248.2,29.657799215550074
2017-01-29,-12186388,-15.046877507462975,2200326.771428572,29.491157551024617
2017-01-30,-12799955.400000006,-15.882800141366356,2191196.457142857,29.330142436713636
2017-01-31,-10619720.214285716,-12.793275068251079,2183948.928571428,29.172508309602996
2017-02-01,-9426615,-11.145114951619268,2173532.571428572,28.993451517061118
2017-02-02,-9117371,-10.728144880001457,2156248.7142857136,28.758686057220505
2017-02-03,-8679575.85714285,-10.161601578244078,2146518.2857142854,28.606444605530758
2017-02-04,-8164542.428571433,-9.509862488916704,2159156,28.687244638052746
2017-02-05,-7732879.571428567,-8.979611202442724,2169192,28.746153888094273
2017-02-06,-7062153.428571418,-8.16548272850199,2182522.8571428573,28.845598130413215
2017-02-07,-8259077.428571433,-9.803611905176414,1964512.8571428573,26.72605890200977
2017-02-09,-8437666.452380955,-10.16894587686901,2004633.0952380951,27.086906989211425
2017-02-10,-8072418.261904761,-9.707242528523436,2081861.7142857146,27.841550915986545
2017-02-11,-8128926.595238104,-9.788579243415594,2146384.2142857146,28.45251165831435
2017-02-12,-7228716.261904761,-8.699956494183128,2274517.428571428,29.91280610181623
2017-02-13,-7321742.452380955,-8.794132350243004,2326269.5238095243,30.375384023365758
2017-02-14,-5388578.404761896,-6.256505485981331,2637692.3571428573,33.08207659949403
2017-02-15,-4902909.714285716,-5.603666538973997,2631043.428571428,33.03126879802744
2017-02-16,-5395750.714285716,-6.169453364510322,2608531.428571428,32.849821876035676
2017-02-17,-5899127.571428567,-6.746690601953596,2572572.8571428573,32.491039799661316
2017-02-18,-6299698.571428567,-7.201568975899221,2544143.571428572,32.210004103613784
2017-02-19,-7811904.428571433,-8.938552403539607,2444414,31.015892263804396
2017-02-20,-8154837.428571433,-9.348725086807107,2422879,30.78190431658409
2017-02-21,-8367335.285714284,-9.586284729955272,2389823.2857142854,30.450159259920135
2017-02-22,-8400072.85714285,-9.611993788901176,2371372.1428571427,30.273702853581412
2017-02-23,-8971531.285714284,-10.305973447281783,2363023.571428571,30.214290999718095
2017-02-24,-9580764.85714285,-11.058885929210348,2358303.428571428,30.191589324313718
2017-02-25,-9855919,-11.393816430936546,2343567.7142857146,30.0799070651332
2017-02-26,-9820676.14285715,-11.364072540764617,2329585,29.97279048178384
2017-02-27,-10835199.857142866,-12.659105429858434,2308389.8571428573,29.800526400575844
2017-02-28,-12027973.571428567,-14.1664394357228,2315455.8571428573,29.885879987921882
2017-03-01,-12678735,-14.984271706754384,2195247.1428571437,28.768166179619257
2017-03-02,-12729669.714285716,-15.02260335843724,2064425.2857142864,27.48509671465748
2017-03-03,-12669744.428571418,-14.919663310255634,1995053.2857142854,26.981513162830307
2017-03-04,-12808495.428571418,-15.090487177809948,1935831.5714285718,26.544232234914023
2017-03-05,-12896126.428571433,-15.19002181503141,1880535.8571428573,26.13009176968918
2017-03-06,-11969627.14285715,-13.954852887552033,1830440,25.76024931053112
2017-03-07,-10885230.714285702,-12.595056173561591,1781228.7142857146,25.39691356417828
2017-03-08,-10886799.85714285,-12.658361616219896,1843462.7142857146,26.186140807398097
2017-03-09,-10852828.857142866,-12.710317210876603,1906933.8571428573,26.994634233477573
2017-03-10,-11249106.285714284,-13.3244567859154,1914006.8571428563,27.001820167675493
2017-03-11,-11605641.14285715,-13.8857813379447,1905423.1428571437,26.813234574254768
2017-03-12,-11997563,-14.502231036926064,1877226.5714285718,26.367819820067123
2017-03-13,-13012642.428571433,-16.024764734179104,1818313.428571429,25.50558061332893
2017-03-14,-14171478.857142866,-17.763699172936573,1736515.4285714282,24.33219229633482
2017-03-15,-14711531.285714284,-18.62007265111792,1645934.428571429,23.04672891438342
2017-03-16,-15346918.285714298,-19.594632323678532,1541969.5714285718,21.57812580183641
2017-03-17,-15392505.571428567,-19.729368948816266,1434914.7142857136,20.076977447966748
2017-03-18,-15109551,-19.367152022431597,1349123.5714285718,18.831309513566406
2017-03-19,-14884018.714285716,-19.09228184775036,1266045.4285714282,17.6311222904835
2017-03-20,-17865004,-23.864269325547372,951123.7142857146,13.704865765774892
2017-03-21,-17481188.85714285,-23.34663064636188,905296,13.023991864670403
2017-03-22,-17150816,-22.905656678587636,867586.1428571437,12.462978522135408
2017-03-23,-16646921.428571433,-22.2209736172914,846323.4285714291,12.137132753111098
2017-03-24,-15633669,-20.862433730350016,825301.1428571427,11.820620878934816
2017-03-25,-13811875,-18.483649491247203,787450.8571428573,11.295063018909905
2017-03-26,-13574880.14285715,-18.224311788724513,768615.1428571427,11.044601847299614
2017-03-27,-9451706.714285716,-12.171562260930745,1020228,14.141035563330373
2017-03-28,-8005573.857142851,-10.330220564898546,998327.7142857146,13.828310620576326
2017-03-29,-8057016.714285716,-10.396939041607693,978908.7142857136,13.540252346023502
2017-03-30,-8327540,-10.737492655902518,956764.2857142864,13.217699147180287
2017-03-31,-9284528.14285715,-11.959573053985425,929982,12.831297049862144
2017-04-01,-11194761.85714285,-14.394853717005624,910334.7142857146,12.542362639785102
2017-04-02,-11576862.142857134,-14.864313953603364,883414.1428571427,12.15735945703685
2017-04-03,-12544496.857142866,-16.117178716135754,860445.7142857136,11.824897779397931
2017-04-04,-14280806.285714284,-18.337516815526662,851344.2857142854,11.687388896301002
2017-04-05,-14417368.285714298,-18.48543911979564,838056,11.49254453851946
2017-04-06,-14593070,-18.704917469019474,827187.1428571427,11.329123207832085
2017-04-07,-14772643.14285715,-18.92872946576063,825718.4285714291,11.286244454805962
2017-04-08,-14994508.428571433,-19.235256345064016,821223.4285714282,11.210740661216684
2017-04-09,-15277363.571428582,-19.633699503637924,815146.8571428573,11.116754967738972
2017-04-10,-15677467.571428567,-20.187746383729134,808540,11.014270632043848
2017-04-11,-16067409.571428567,-20.73737327842072,804983,10.957356587195342
2017-04-12,-16652446.85714285,-21.626236867509576,793147.8571428573,10.799909345136493
2017-04-13,-17765877.714285716,-23.413985153504818,781820.2857142864,10.662644973412085
2017-04-14,-19920309.85714285,-27.084643748357863,762024.4285714282,10.427863781980099
2017-04-15,-20351952.428571433,-27.85062079431825,757745.7142857146,10.379613734312912
2017-04-16,-20946471.142857134,-28.943656077113932,758220.2857142854,10.391926115879423
2017-04-17,-22337889.428571433,-31.523917834142313,759799.5714285709,10.412817565810158
2017-04-18,-22709828.85714285,-32.19142187135379,770088.5714285709,10.535252803696594
2017-04-19,-22838774.428571418,-32.45676886953218,799774.8571428573,10.912810460612231
2017-04-20,-22331727.571428567,-31.503471795519044,876751.5714285709,11.833600164494888
2017-04-21,-20530274,-28.335248413163967,955062.1428571437,12.74268834092817
2017-04-22,-20165824.428571433,-27.71041991981199,1020033,13.47508805751208
2017-04-23,-19567306.7142857,-26.635785787653017,1084655.571428571,14.183090729825734
2017-04-24,-18538526.571428567,-24.852068170676787,1120197.2857142854,14.553433058759898
2017-04-25,-18451826.85714285,-24.686026739871288,1147927.2857142864,14.831556848421604
2017-04-26,-18360991.14285715,-24.445827067613482,1164729.7142857136,14.973907214943772
2017-04-27,-18283374.571428567,-24.26213592461232,1122220.8571428573,14.462431148515956
2017-04-28,-18378909.428571433,-24.2757456464303,1086991.1428571427,14.045094071794178
2017-04-29,-18486387.142857134,-24.478180320021742,1054483.8571428573,13.669722485477493
2017-04-30,-18725314.857142866,-24.96738446786873,1012608,13.198863225649173
2017-05-01,-20702397.857142866,-28.558553654922697,997761.4285714291,13.041206922357853
2017-05-02,-19279121.14285715,-26.5323289500384,989650.2857142854,12.953761337354416
2017-05-03,-17980578.428571433,-24.78980791229013,968811.4285714291,12.774311715221959
2017-05-04,-16919275.14285715,-23.305200294375165,940240.1428571427,12.502524798493392
2017-05-05,-14927398,-20.543638412978467,909439.2857142854,12.200890995695199
2017-05-06,-13699629.285714298,-18.81324631828247,872633.4285714282,11.817236021065682
2017-05-07,-12643357.714285702,-17.23924768603183,864266.8571428563,11.771408349180968
2017-05-08,-9798934.571428582,-12.917789552106132,842661,11.553950449281022
2017-05-09,-10116584.285714284,-13.343585988908826,801898,11.09884603586542
2017-05-10,-10824412,-14.275277647802318,780983.5714285709,10.835339822689512
2017-05-11,-11405491.285714284,-15.072590810836111,790638.7142857136,10.95459335364543
2017-05-12,-12827155.714285716,-16.948393296474162,806598.4285714291,11.13229383350716
2017-05-13,-13734368.285714284,-18.16409241925348,828838.2857142854,11.38185917542027
2017-05-14,-14207927.285714284,-18.836600835330323,836334.4285714282,11.444134578545807
2017-05-15,-14127916.714285716,-18.67107348838592,855665.5714285718,11.662476049187068
2017-05-16,-13947528,-18.434773580914623,873918.5714285709,11.856768290008448
2017-05-17,-14170176.85714285,-18.74946376427909,890478.5714285709,12.035622747876312
2017-05-18,-14192213,-18.76441399294827,897168.4285714291,12.098988948293195
2017-05-19,-14320767.285714284,-18.950863044951507,892928.1428571427,12.034245777518926
2017-05-20,-14411134.714285716,-19.092394215181844,883095.5714285709,11.90803729029525
2017-05-21,-14230578.428571433,-18.8418303287034,882420.7142857146,11.898733918747782
2017-05-22,-14416562.85714285,-19.117013354100656,870720.5714285709,11.74252970024591
2017-05-23,-15294804.85714285,-20.306918623108285,862060,11.62494294850451
2017-05-24,-15472716,-20.602770743178546,851567.8571428573,11.486301020774379
2017-05-25,-16455615.428571418,-22.275884583514305,833051,11.27078376534393
2017-05-26,-16261864,-22.228563399599782,817459.4285714282,11.096145949028955
2017-05-27,-15914865.714285716,-21.833781438379877,864254,11.771763934743431
2017-05-28,-16002495.85714285,-22.049204278276008,921172,12.587157156733921
2017-05-29,-16685903,-23.262068912458457,994267,13.60970537307789
2017-05-30,-15996330,-22.35323062797508,1059751.2857142854,14.520651431072002
2017-05-31,-15749672.428571433,-21.941407255443306,1104078.1428571427,15.139935959939365
2017-06-01,-14994991.14285715,-20.634301333575454,1161036.7142857146,15.880771477434058
2017-06-02,-15316849.428571433,-20.97807156875677,1244325.1428571427,16.96678285785122
2017-06-03,-15683681.85714285,-21.455160779750535,1258901.2857142854,17.09194546844253
2017-06-04,-15822358,-21.643800102319624,1268107,17.165096680785165
2017-06-05,-15890541.571428567,-21.72436749837508,1284763.4285714282,17.32604386818099
2017-06-06,-16166525.85714285,-22.026046294548784,1321142.7142857136,17.764076822264467
2017-06-07,-15710707.714285702,-21.410918250157625,1397651.2857142864,18.74704142102542
2017-06-08,-15298840.14285715,-20.8320579295722,1416839.571428571,19.004515860852482
2017-06-09,-14886051.142857134,-20.24861876890961,1399266.1428571427,18.779741837538023
2017-06-10,-14552815.285714284,-19.82231761990002,1399545.1428571427,18.828613387743413
2017-06-11,-14483367,-19.72521282678547,1403689.1428571427,18.904071010549586
2017-06-12,-14019066.714285716,-18.96815689111786,1386460,18.713359859875688
2017-06-13,-14063196.285714284,-19.09458756698095,1366928.4285714282,18.485145232576507
2017-06-14,-14583390.142857134,-19.895709132416677,1327141.2857142854,17.974713321364106
2017-06-15,-15602843,-21.573589514298416,1337826.8571428573,18.10951350151358
2017-06-16,-16101317.14285715,-22.405796452059036,1322943,17.977087689202147
2017-06-17,-16396030.285714284,-22.86253309649929,1279440.7142857136,17.425200468647052
2017-06-18,-16496269.142857134,-23.064825187049287,1250300.5714285718,17.05752165691897
2017-06-19,-16380095.285714298,-22.96077710720592,1230513.7142857146,16.820794210719566
2017-06-20,-16623174.285714298,-23.410987037393074,1205831,16.522383195904162
2017-06-21,-16593835.428571418,-23.452387337315123,1183864.1428571427,16.250331593438442
2017-06-22,-15749802.285714284,-22.082205019473392,1165691.4285714282,16.021434586596666
2017-06-23,-15627232,-21.93349072102141,1153406.8571428573,15.818374526208823
2017-06-24,-15410290.14285715,-21.676990171517797,1172725.7142857146,16.060835009328756
2017-06-25,-15436021.714285716,-21.74609594208181,1168402,15.990911934604343
2017-06-26,-16076326.714285716,-22.870135320075505,1161509.2857142854,15.886600843263915
2017-06-27,-16358941.428571418,-23.391777470202786,1152870.7142857146,15.748959390488492
2017-06-28,-16417009.85714285,-23.510917183980926,1157728.8571428573,15.79445806259711
2017-06-29,-16474617.714285716,-23.614989284935028,1159451.5714285718,15.800165972428367
2017-06-30,-16262693.428571418,-23.25688537962979,1205268.2857142854,16.370073714322345
2017-07-01,-15896799.714285716,-22.658803522886327,1238875.1428571427,16.77972370125142
2017-07-02,-15473509,-21.994324757007266,1266694,17.120176469426347
2017-07-03,-14908278.714285716,-21.12249566579071,1295948.2857142854,17.482236619990708
2017-07-04,-13949142.14285715,-19.869883108534676,1319987,17.807267768730263
2017-07-05,-13148281.428571433,-18.758259056492694,1331925.4285714282,17.966086938877368
2017-07-06,-12120570.285714284,-17.31723809751184,1328368,17.948988882855645
2017-07-07,-11373293.285714284,-16.279570462388936,1307108.1428571427,17.717628457040743
2017-07-08,-11256604.857142866,-16.158734805418508,1280224.5714285718,17.41179814273962
2017-07-09,-11198675.714285716,-16.105613726524652,1250652.1428571427,17.053883071871944
2017-07-10,-10779612.714285716,-15.43329349064822,1197571,16.391149394029764
2017-07-11,-11123072,-15.826184418793924,1071254.7142857146,14.880941383805672
